"sea","country","province"
"Andaman Sea","IND","Andaman and Nicobar Islands"
"Andaman Sea","MYA","Ayeyarwady"
"Andaman Sea","MYA","Bago"
"Andaman Sea","MYA","Mon"
"Andaman Sea","MYA","Yangon"
"Andaman Sea","RI","Aceh"
"Andaman Sea","THA","Thailand"
"Arabian Sea","IND","Goa"
"Arabian Sea","IND","Gujarat"
"Arabian Sea","IND","Karnataka"
"Arabian Sea","IND","Kerala"
"Arabian Sea","IND","Lakshadweep"
"Arabian Sea","IND","Maharashtra"
"Arabian Sea","OM","Oman"
"Arabian Sea","PK","Balochistan"
"Arabian Sea","PK","Sindh"
"Arabian Sea","SO","Somalia"
"Arabian Sea","YE","Yemen"
"Arafura Sea","AUS","Northern Territory"
"Arafura Sea","AUS","Queensland"
"Arafura Sea","PNG","South"
"Arafura Sea","RI","Maluku"
"Arafura Sea","RI","Papua"
"Arafura Sea","RI","Papua Barat"
"Arctic Ocean","CDN","Northwest Territories"
"Arctic Ocean","CDN","Nunavut"
"Arctic Ocean","CDN","Yukon"
"Arctic Ocean","GL","Greenland"
"Arctic Ocean","R","Arkhangelskaya"
"Arctic Ocean","R","Krasnoyarsk"
"Arctic Ocean","SVA","Svalbard"
"Arctic Ocean","USA","Alaska"
"Atlantic Ocean","AG","Antigua and Barbuda"
"Atlantic Ocean","ANG","Bengo"
"Atlantic Ocean","ANG","Benguela"
"Atlantic Ocean","ANG","Cabinda"
"Atlantic Ocean","ANG","Cuanza Sul"
"Atlantic Ocean","ANG","Luanda"
"Atlantic Ocean","ANG","Namibe"
"Atlantic Ocean","ANG","Zaire"
"Atlantic Ocean","AXA","Anguilla"
"Atlantic Ocean","BDS","Barbados"
"Atlantic Ocean","BEN","Benin"
"Atlantic Ocean","BM","Bermuda"
"Atlantic Ocean","BR","Alagoas"
"Atlantic Ocean","BR","Amapá"
"Atlantic Ocean","BR","Bahia"
"Atlantic Ocean","BR","Ceará"
"Atlantic Ocean","BR","Espírito Santo"
"Atlantic Ocean","BR","Maranhão"
"Atlantic Ocean","BR","Pará"
"Atlantic Ocean","BR","Paraíba"
"Atlantic Ocean","BR","Paraná"
"Atlantic Ocean","BR","Pernambuco"
"Atlantic Ocean","BR","Piauí"
"Atlantic Ocean","BR","Rio de Janeiro"
"Atlantic Ocean","BR","Rio Grande do Norte"
"Atlantic Ocean","BR","Rio Grande do Sul"
"Atlantic Ocean","BR","Santa Catarina"
"Atlantic Ocean","BR","São Paulo"
"Atlantic Ocean","BR","Sergipe"
"Atlantic Ocean","BS","Bahamas"
"Atlantic Ocean","BVI","British Virgin Islands"
"Atlantic Ocean","C","Artemisa"
"Atlantic Ocean","C","Ciego de Ávila"
"Atlantic Ocean","C","Guantánamo"
"Atlantic Ocean","C","Holguín"
"Atlantic Ocean","C","Las Tunas"
"Atlantic Ocean","C","Matanzas"
"Atlantic Ocean","C","Mayabeque"
"Atlantic Ocean","C","Sancti Spíritus"
"Atlantic Ocean","C","Villa Clara"
"Atlantic Ocean","CAM","Centre"
"Atlantic Ocean","CAM","Littoral"
"Atlantic Ocean","CAM","Sud-Ouest"
"Atlantic Ocean","CDN","New Brunswick"
"Atlantic Ocean","CDN","Newfoundland and Labrador"
"Atlantic Ocean","CDN","Nova Scotia"
"Atlantic Ocean","CDN","Nunavut"
"Atlantic Ocean","CDN","Prince Edward Island"
"Atlantic Ocean","CDN","Quebec"
"Atlantic Ocean","CGO","Kongo Central"
"Atlantic Ocean","CI","Abidjan"
"Atlantic Ocean","CI","Bas-Sassandra"
"Atlantic Ocean","CI","Comoé"
"Atlantic Ocean","CI","Gôh-Djiboua"
"Atlantic Ocean","CI","Lagunes"
"Atlantic Ocean","CV","Cape Verde"
"Atlantic Ocean","DOM","Dominican Republic"
"Atlantic Ocean","E","Andalucía"
"Atlantic Ocean","E","Asturias"
"Atlantic Ocean","E","Canarias"
"Atlantic Ocean","E","Cantabria"
"Atlantic Ocean","E","Euskadi"
"Atlantic Ocean","E","Galicia"
"Atlantic Ocean","F","Bretagne"
"Atlantic Ocean","F","Nouvelle-Aquitaine"
"Atlantic Ocean","F","Pays de la Loire"
"Atlantic Ocean","FALK","Falkland Islands"
"Atlantic Ocean","FO","Faroe Islands"
"Atlantic Ocean","G","Gabon"
"Atlantic Ocean","GB","Northern Ireland"
"Atlantic Ocean","GB","Scotland"
"Atlantic Ocean","GB","South West England"
"Atlantic Ocean","GB","Wales"
"Atlantic Ocean","GBZ","Gibraltar"
"Atlantic Ocean","GF","French Guiana"
"Atlantic Ocean","GH","Central"
"Atlantic Ocean","GH","Greater Accra"
"Atlantic Ocean","GH","Volta"
"Atlantic Ocean","GH","Western"
"Atlantic Ocean","GL","Greenland"
"Atlantic Ocean","GP","Guadeloupe"
"Atlantic Ocean","GQ","Continental"
"Atlantic Ocean","GQ","Insular"
"Atlantic Ocean","GUB","Guinea-Bissau"
"Atlantic Ocean","GUY","Guyana"
"Atlantic Ocean","HELX","Saint Helena"
"Atlantic Ocean","IRL","Connacht"
"Atlantic Ocean","IRL","Leinster"
"Atlantic Ocean","IRL","Munster"
"Atlantic Ocean","IRL","Ulster"
"Atlantic Ocean","IS","Iceland"
"Atlantic Ocean","KN","Saint Kitts and Nevis"
"Atlantic Ocean","LB","Liberia"
"Atlantic Ocean","MA","Chaouia Ouardigha"
"Atlantic Ocean","MA","Doukala Abda"
"Atlantic Ocean","MA","Gharb Chrarda Beni Hssen"
"Atlantic Ocean","MA","Grand Casablanca"
"Atlantic Ocean","MA","Guelmim Es Semara"
"Atlantic Ocean","MA","Marrakech Tensift Al Haouz"
"Atlantic Ocean","MA","Rabat Sale Zemmour Zaer"
"Atlantic Ocean","MA","Souss Massa Daraa"
"Atlantic Ocean","MA","Tanger Tetouan"
"Atlantic Ocean","MNTS","Montserrat"
"Atlantic Ocean","MQ","Martinique"
"Atlantic Ocean","NAM","Namibia"
"Atlantic Ocean","NGR","Akwa Ibom"
"Atlantic Ocean","NGR","Cross River"
"Atlantic Ocean","NGR","Delta"
"Atlantic Ocean","NGR","Lagos"
"Atlantic Ocean","NGR","Ogun"
"Atlantic Ocean","NGR","Ondo"
"Atlantic Ocean","NGR","Rivers"
"Atlantic Ocean","P","Algarve"
"Atlantic Ocean","P","Aveiro"
"Atlantic Ocean","P","Azores"
"Atlantic Ocean","P","Beja"
"Atlantic Ocean","P","Braga"
"Atlantic Ocean","P","Coimbra"
"Atlantic Ocean","P","Leiria"
"Atlantic Ocean","P","Lisboa"
"Atlantic Ocean","P","Madeira"
"Atlantic Ocean","P","Porto"
"Atlantic Ocean","P","Setubal"
"Atlantic Ocean","P","Viana do Castelo"
"Atlantic Ocean","PR","Puerto Rico"
"Atlantic Ocean","RA","Buenos Aires"
"Atlantic Ocean","RA","Chubut"
"Atlantic Ocean","RA","Distrito Federal"
"Atlantic Ocean","RA","Entre Ríos"
"Atlantic Ocean","RA","Río Negro"
"Atlantic Ocean","RA","Santa Cruz"
"Atlantic Ocean","RA","Tierra del Fuego"
"Atlantic Ocean","RCB","Kouilou"
"Atlantic Ocean","RCB","Pointe-Noire"
"Atlantic Ocean","RCH","Magallanes"
"Atlantic Ocean","RG","Guinea"
"Atlantic Ocean","RH","Haiti"
"Atlantic Ocean","RIM","Dakhlet Nouadhibou"
"Atlantic Ocean","RIM","Inchiri"
"Atlantic Ocean","RIM","Nouakchott"
"Atlantic Ocean","RIM","Trarza"
"Atlantic Ocean","ROU","Uruguay"
"Atlantic Ocean","RSA","Northern Cape"
"Atlantic Ocean","RSA","Western Cape"
"Atlantic Ocean","RT","Togo"
"Atlantic Ocean","SBAR","Saint Barthelemy"
"Atlantic Ocean","SLE","Sierra Leone"
"Atlantic Ocean","SMAR","Saint Martin"
"Atlantic Ocean","SME","Suriname"
"Atlantic Ocean","SN","Dakar"
"Atlantic Ocean","SN","Fatick"
"Atlantic Ocean","SN","Louga"
"Atlantic Ocean","SN","Saint-Louis"
"Atlantic Ocean","SN","Thiès"
"Atlantic Ocean","SN","Ziguinchor"
"Atlantic Ocean","SPM","Saint Pierre and Miquelon"
"Atlantic Ocean","STP","Sao Tome and Principe"
"Atlantic Ocean","SVA","Svalbard"
"Atlantic Ocean","SX","Sint Maarten"
"Atlantic Ocean","TT","Trinidad and Tobago"
"Atlantic Ocean","TUCA","Turks and Caicos Islands"
"Atlantic Ocean","USA","Connecticut"
"Atlantic Ocean","USA","Delaware"
"Atlantic Ocean","USA","Florida"
"Atlantic Ocean","USA","Georgia"
"Atlantic Ocean","USA","Maine"
"Atlantic Ocean","USA","Maryland"
"Atlantic Ocean","USA","Massachusetts"
"Atlantic Ocean","USA","New Hampshire"
"Atlantic Ocean","USA","New Jersey"
"Atlantic Ocean","USA","New York"
"Atlantic Ocean","USA","North Carolina"
"Atlantic Ocean","USA","Rhode Island"
"Atlantic Ocean","USA","South Carolina"
"Atlantic Ocean","USA","Virginia"
"Atlantic Ocean","VIRG","Virgin Islands"
"Atlantic Ocean","WAG","Gambia"
"Atlantic Ocean","WD","Dominica"
"Atlantic Ocean","WG","Grenada"
"Atlantic Ocean","WL","Saint Lucia"
"Atlantic Ocean","WSA","Western Sahara"
"Atlantic Ocean","WV","Saint Vincent and the Grenadines"
"Atlantic Ocean","YV","Delta Amacuro"
"Baffin Bay","CDN","Nunavut"
"Baffin Bay","GL","Greenland"
"Baltic Sea","D","Mecklenburg-Vorpommern"
"Baltic Sea","D","Schleswig-Holstein"
"Baltic Sea","DK","Hovedstaden"
"Baltic Sea","DK","Sjælland"
"Baltic Sea","DK","Syddanmark"
"Baltic Sea","EST","Estonia"
"Baltic Sea","LT","Lithuania"
"Baltic Sea","LV","Latvia"
"Baltic Sea","PL","Pomorskie"
"Baltic Sea","PL","Warmińsko-Mazurskie"
"Baltic Sea","PL","Zachodniopomorskie"
"Baltic Sea","R","Kaliningradskaya"
"Baltic Sea","R","Leningradskaya"
"Baltic Sea","R","Sankt-Peterburg"
"Baltic Sea","S","Blekinge"
"Baltic Sea","S","Gävleborg"
"Baltic Sea","S","Gotland"
"Baltic Sea","S","Kalmar"
"Baltic Sea","S","Norrbotten"
"Baltic Sea","S","Östergötland"
"Baltic Sea","S","Skåne"
"Baltic Sea","S","Södermanland"
"Baltic Sea","S","Stockholm"
"Baltic Sea","S","Uppsala"
"Baltic Sea","S","Västerbotten"
"Baltic Sea","S","Västernorrland"
"Baltic Sea","SF","Åland"
"Baltic Sea","SF","Kainuu"
"Baltic Sea","SF","Keski-Pohjanmaa"
"Baltic Sea","SF","Lappia"
"Baltic Sea","SF","Pohjanmaa"
"Baltic Sea","SF","Satakunta"
"Baltic Sea","SF","Uusimaa"
"Baltic Sea","SF","Varsinais-Suomi"
"Banda Sea","RI","Gorontalo"
"Banda Sea","RI","Maluku"
"Banda Sea","RI","Maluku Utara"
"Banda Sea","RI","Papua"
"Banda Sea","RI","Papua Barat"
"Banda Sea","RI","Sulawesi Selatan"
"Banda Sea","RI","Sulawesi Tengah"
"Banda Sea","RI","Sulawesi Tenggara"
"Banda Sea","RI","Sulawesi Utara"
"Banda Sea","TL","Timor-Leste"
"Barents Sea","N","Finnmark"
"Barents Sea","R","Arkhangelskaya"
"Barents Sea","R","Murmanskaya"
"Barents Sea","SVA","Svalbard"
"Bering Sea","R","Chukotka"
"Bering Sea","R","Kamchatka"
"Bering Sea","USA","Alaska"
"Black Sea","BG","Bulgaria"
"Black Sea","GE","Georgia"
"Black Sea","R","Krasnodarskiy"
"Black Sea","RO","Constanţa"
"Black Sea","RO","Tulcea"
"Black Sea","TR","Artvin"
"Black Sea","TR","Bartın"
"Black Sea","TR","Düzce"
"Black Sea","TR","Giresun"
"Black Sea","TR","İstanbul"
"Black Sea","TR","Kastamonu"
"Black Sea","TR","Kırklareli"
"Black Sea","TR","Kocaeli"
"Black Sea","TR","Ordu"
"Black Sea","TR","Rize"
"Black Sea","TR","Sakarya"
"Black Sea","TR","Samsun"
"Black Sea","TR","Sinop"
"Black Sea","TR","Trabzon"
"Black Sea","TR","Zonguldak"
"Black Sea","UA","Chersonska"
"Black Sea","UA","Krym"
"Black Sea","UA","Mykolaïvska"
"Black Sea","UA","Odeska"
"Black Sea","UA","Sevastopol"
"Caribbean Sea","AG","Antigua and Barbuda"
"Caribbean Sea","ARU","Aruba"
"Caribbean Sea","AXA","Anguilla"
"Caribbean Sea","BVI","British Virgin Islands"
"Caribbean Sea","BZ","Belize"
"Caribbean Sea","C","Artemisa"
"Caribbean Sea","C","Ciego de Ávila"
"Caribbean Sea","C","Cienfuegos"
"Caribbean Sea","C","Granma"
"Caribbean Sea","C","Guantánamo"
"Caribbean Sea","C","Isla de la Juventud"
"Caribbean Sea","C","Las Tunas"
"Caribbean Sea","C","Matanzas"
"Caribbean Sea","C","Mayabeque"
"Caribbean Sea","C","Pinar del Río"
"Caribbean Sea","C","Sancti Spíritus"
"Caribbean Sea","C","Santiago de Cuba"
"Caribbean Sea","CO","Antioquia"
"Caribbean Sea","CO","Atlántico"
"Caribbean Sea","CO","Bolívar"
"Caribbean Sea","CO","Chocó"
"Caribbean Sea","CO","Córdoba"
"Caribbean Sea","CO","La Guajira"
"Caribbean Sea","CO","Magdalena"
"Caribbean Sea","CO","San Andrés, Providencia y Santa Catalina"
"Caribbean Sea","CO","Sucre"
"Caribbean Sea","CR","Limón"
"Caribbean Sea","CUR","Curacao"
"Caribbean Sea","CYM","Cayman Islands"
"Caribbean Sea","DOM","Dominican Republic"
"Caribbean Sea","GCA","Guatemala"
"Caribbean Sea","GP","Guadeloupe"
"Caribbean Sea","HN","Atlántida"
"Caribbean Sea","HN","Colón"
"Caribbean Sea","HN","Cortés"
"Caribbean Sea","HN","Gracias a Dios"
"Caribbean Sea","JA","Jamaica"
"Caribbean Sea","KN","Saint Kitts and Nevis"
"Caribbean Sea","MEX","Quintana Roo"
"Caribbean Sea","MNTS","Montserrat"
"Caribbean Sea","MQ","Martinique"
"Caribbean Sea","NIC","Nicaragua"
"Caribbean Sea","NLB","Bonaire"
"Caribbean Sea","PA","Bocas del Toro"
"Caribbean Sea","PA","Colón"
"Caribbean Sea","PA","Guna Yala"
"Caribbean Sea","PA","Ngäbe Buglé"
"Caribbean Sea","PR","Puerto Rico"
"Caribbean Sea","RH","Haiti"
"Caribbean Sea","SBAR","Saint Barthelemy"
"Caribbean Sea","SMAR","Saint Martin"
"Caribbean Sea","SX","Sint Maarten"
"Caribbean Sea","TT","Trinidad and Tobago"
"Caribbean Sea","VIRG","Virgin Islands"
"Caribbean Sea","WD","Dominica"
"Caribbean Sea","WG","Grenada"
"Caribbean Sea","WL","Saint Lucia"
"Caribbean Sea","WV","Saint Vincent and the Grenadines"
"Caribbean Sea","YV","Anzoátegui"
"Caribbean Sea","YV","Aragua"
"Caribbean Sea","YV","Carabobo"
"Caribbean Sea","YV","Delta Amacuro"
"Caribbean Sea","YV","Falcón"
"Caribbean Sea","YV","Miranda"
"Caribbean Sea","YV","Monagas"
"Caribbean Sea","YV","Nueva Esparta"
"Caribbean Sea","YV","Sucre"
"Caribbean Sea","YV","Vargas"
"Caribbean Sea","YV","Zulia"
"Chukchi Sea","R","Chukotka"
"Chukchi Sea","USA","Alaska"
"Coral Sea","AUS","Queensland"
"Coral Sea","NCL","New Caledonia"
"Coral Sea","PNG","South"
"Coral Sea","SOL","Solomon Islands"
"Coral Sea","VU","Vanuatu"
"East China Sea","CN","Fujian"
"East China Sea","CN","Jiangsu"
"East China Sea","CN","Shanghai"
"East China Sea","CN","Zhejiang"
"East China Sea","J","Kagoshima"
"East China Sea","J","Kumamoto"
"East China Sea","J","Nagasaki"
"East China Sea","J","Okinawa"
"East China Sea","J","Saga"
"East China Sea","RC","Taiwan"
"East China Sea","ROK","South Korea"
"East Sibirian Sea","R","Chukotka"
"East Sibirian Sea","R","Sakha"
"Greenland Sea","GL","Greenland"
"Greenland Sea","IS","Iceland"
"Greenland Sea","SVA","Svalbard"
"Gulf of Aden","DJI","Djibouti"
"Gulf of Aden","SO","Somalia"
"Gulf of Aden","YE","Yemen"
"Gulf of Bengal","BD","Barisal"
"Gulf of Bengal","BD","Chittagong"
"Gulf of Bengal","BD","Khulna"
"Gulf of Bengal","CL","Sri Lanka"
"Gulf of Bengal","IND","Andaman and Nicobar Islands"
"Gulf of Bengal","IND","Andhra Pradesh"
"Gulf of Bengal","IND","Odisha"
"Gulf of Bengal","IND","Puducherry"
"Gulf of Bengal","IND","Tamil Nadu"
"Gulf of Bengal","IND","West Bengal"
"Gulf of Bengal","MYA","Ayeyarwady"
"Gulf of Bengal","MYA","Rakhine"
"Gulf of California","MEX","Baja California"
"Gulf of California","MEX","Baja California Sur"
"Gulf of California","MEX","Sinaloa"
"Gulf of California","MEX","Sonora"
"Gulf of Mexico","C","Artemisa"
"Gulf of Mexico","C","La Habana"
"Gulf of Mexico","C","Mayabeque"
"Gulf of Mexico","C","Pinar del Río"
"Gulf of Mexico","MEX","Campeche"
"Gulf of Mexico","MEX","Quintana Roo"
"Gulf of Mexico","MEX","Tabasco"
"Gulf of Mexico","MEX","Tamaulipas"
"Gulf of Mexico","MEX","Veracruz"
"Gulf of Mexico","MEX","Yucatán"
"Gulf of Mexico","USA","Alabama"
"Gulf of Mexico","USA","Florida"
"Gulf of Mexico","USA","Louisiana"
"Gulf of Mexico","USA","Mississippi"
"Gulf of Mexico","USA","Texas"
"Gulf of Oman","IR","Hormozgan"
"Gulf of Oman","IR","Sistan and Baluchestan"
"Gulf of Oman","OM","Oman"
"Gulf of Oman","PK","Balochistan"
"Gulf of Oman","UAE","United Arab Emirates"
"Gulf of Thailand","K","Cambodia"
"Gulf of Thailand","MAL","Kelantan"
"Gulf of Thailand","THA","Thailand"
"Gulf of Thailand","VN","Mekong River Delta"
"Hudson Bay","CDN","Manitoba"
"Hudson Bay","CDN","Nunavut"
"Hudson Bay","CDN","Ontario"
"Hudson Bay","CDN","Quebec"
"Indian Ocean","AUS","South Australia"
"Indian Ocean","AUS","Tasmania"
"Indian Ocean","AUS","Victoria"
"Indian Ocean","AUS","Western Australia"
"Indian Ocean","CC","Cocos Islands"
"Indian Ocean","CL","Sri Lanka"
"Indian Ocean","COM","Comoros"
"Indian Ocean","CX","Christmas Island"
"Indian Ocean","EAK","Kenya"
"Indian Ocean","EAT","Dar es Salaam"
"Indian Ocean","EAT","Lindi"
"Indian Ocean","EAT","Mtwara"
"Indian Ocean","EAT","Pwani"
"Indian Ocean","EAT","Tanga"
"Indian Ocean","EAT","Zanzibar"
"Indian Ocean","IND","Kerala"
"Indian Ocean","IND","Tamil Nadu"
"Indian Ocean","MOC","Cabo Delgado"
"Indian Ocean","MOC","Cidade de Maputo"
"Indian Ocean","MOC","Gaza"
"Indian Ocean","MOC","Inhambane"
"Indian Ocean","MOC","Maputo"
"Indian Ocean","MOC","Nampula"
"Indian Ocean","MOC","Sofala"
"Indian Ocean","MOC","Zambézia"
"Indian Ocean","MS","Mauritius"
"Indian Ocean","MV","Maldives"
"Indian Ocean","MYT","Mayotte"
"Indian Ocean","RE","Reunion"
"Indian Ocean","RI","Aceh"
"Indian Ocean","RI","Bali"
"Indian Ocean","RI","Banten"
"Indian Ocean","RI","Bengkulu"
"Indian Ocean","RI","DI Yogyakarta"
"Indian Ocean","RI","Jawa Barat"
"Indian Ocean","RI","Jawa Tengah"
"Indian Ocean","RI","Jawa Timur"
"Indian Ocean","RI","Lampung"
"Indian Ocean","RI","Nusa Tenggara Barat"
"Indian Ocean","RI","Nusa Tenggara Timur"
"Indian Ocean","RI","Sumatera Barat"
"Indian Ocean","RI","Sumatera Utara"
"Indian Ocean","RM","Madagascar"
"Indian Ocean","RSA","Eastern Cape"
"Indian Ocean","RSA","KwaZulu-Natal"
"Indian Ocean","RSA","Western Cape"
"Indian Ocean","SO","Somalia"
"Indian Ocean","SY","Seychelles"
"Indian Ocean","YE","Yemen"
"Irish Sea","GB","North West England"
"Irish Sea","GB","Northern Ireland"
"Irish Sea","GB","Scotland"
"Irish Sea","GB","Wales"
"Irish Sea","GBM","Isle of Man"
"Irish Sea","IRL","Leinster"
"Java Sea","RI","Bali"
"Java Sea","RI","Banten"
"Java Sea","RI","DKI Jakarta"
"Java Sea","RI","Jawa Barat"
"Java Sea","RI","Jawa Tengah"
"Java Sea","RI","Jawa Timur"
"Java Sea","RI","Kalimantan Barat"
"Java Sea","RI","Kalimantan Selatan"
"Java Sea","RI","Kalimantan Tengah"
"Java Sea","RI","Kalimantan Timur"
"Java Sea","RI","Kepulauan Bangka Belitung"
"Java Sea","RI","Nusa Tenggara Barat"
"Java Sea","RI","Nusa Tenggara Timur"
"Java Sea","RI","Sulawesi Barat"
"Java Sea","RI","Sulawesi Selatan"
"Java Sea","RI","Sulawesi Tengah"
"Java Sea","RI","Sumatera Selatan"
"Java Sea","TL","Timor-Leste"
"Kara Sea","R","Arkhangelskaya"
"Kara Sea","R","Krasnoyarsk"
"Kara Sea","R","Tyumenskaya"
"Kattegat","DK","Hovedstaden"
"Kattegat","DK","Midtjylland"
"Kattegat","DK","Nordjylland"
"Kattegat","DK","Sjælland"
"Kattegat","DK","Syddanmark"
"Kattegat","S","Halland"
"Kattegat","S","Skåne"
"Kattegat","S","Västra Götaland"
"Labrador Sea","CDN","Newfoundland and Labrador"
"Labrador Sea","CDN","Nunavut"
"Labrador Sea","CDN","Quebec"
"Labrador Sea","GL","Greenland"
"Lago de Maracaibo","YV","Mérida"
"Lago de Maracaibo","YV","Trujillo"
"Lago de Maracaibo","YV","Zulia"
"Laptev Sea","R","Krasnoyarsk"
"Laptev Sea","R","Sakha"
"Malakka Strait","MAL","Johor"
"Malakka Strait","MAL","Kedah"
"Malakka Strait","MAL","Melaka"
"Malakka Strait","MAL","Negeri Sembilan"
"Malakka Strait","MAL","Perak"
"Malakka Strait","MAL","Perlis"
"Malakka Strait","MAL","Pulau Pinang"
"Malakka Strait","MAL","Selangor"
"Malakka Strait","RI","Aceh"
"Malakka Strait","RI","Kepulauan Riau"
"Malakka Strait","RI","Riau"
"Malakka Strait","RI","Sumatera Utara"
"Malakka Strait","SGP","Singapore"
"Malakka Strait","THA","Thailand"
"Marmara Sea","TR","Balıkesir"
"Marmara Sea","TR","Bursa"
"Marmara Sea","TR","Çanakkale"
"Marmara Sea","TR","İstanbul"
"Marmara Sea","TR","Kocaeli"
"Marmara Sea","TR","Tekirdağ"
"Marmara Sea","TR","Yalova"
"Mediterranean Sea","AD","Akrotiri and Dhekelia"
"Mediterranean Sea","AL","Albania"
"Mediterranean Sea","BIH","Federacija Bosne i Hercegovine"
"Mediterranean Sea","CEU","Ceuta"
"Mediterranean Sea","CY","Cyprus"
"Mediterranean Sea","DZ","Algeria"
"Mediterranean Sea","E","Andalucía"
"Mediterranean Sea","E","Catalunya"
"Mediterranean Sea","E","Illes Balears"
"Mediterranean Sea","E","Murcia"
"Mediterranean Sea","E","Valenciana"
"Mediterranean Sea","ET","Egypt"
"Mediterranean Sea","F","Corse"
"Mediterranean Sea","F","Occitanie"
"Mediterranean Sea","F","Provence-Alpes-Côte d'Azur"
"Mediterranean Sea","GAZA","Gaza Strip"
"Mediterranean Sea","GBZ","Gibraltar"
"Mediterranean Sea","GR","Aghion Oros"
"Mediterranean Sea","GR","Anatolikis Makedonias kai Thrakis"
"Mediterranean Sea","GR","Attikis"
"Mediterranean Sea","GR","Boreioy Aigaioy"
"Mediterranean Sea","GR","Dytikis Elladas"
"Mediterranean Sea","GR","Ionion Nison"
"Mediterranean Sea","GR","Ipeiroy"
"Mediterranean Sea","GR","Kentrikis Makedonias"
"Mediterranean Sea","GR","Kritis"
"Mediterranean Sea","GR","Notioy Aigaioy"
"Mediterranean Sea","GR","Peloponnisos"
"Mediterranean Sea","GR","Stereas Elladas"
"Mediterranean Sea","GR","Thessalias"
"Mediterranean Sea","HR","Croatia"
"Mediterranean Sea","I","Abruzzo"
"Mediterranean Sea","I","Basilicata"
"Mediterranean Sea","I","Calabria"
"Mediterranean Sea","I","Campania"
"Mediterranean Sea","I","Emilia-Romagna"
"Mediterranean Sea","I","Friuli-Venezia Giulia"
"Mediterranean Sea","I","Lazio"
"Mediterranean Sea","I","Liguria"
"Mediterranean Sea","I","Marche"
"Mediterranean Sea","I","Molise"
"Mediterranean Sea","I","Puglia"
"Mediterranean Sea","I","Sardegna"
"Mediterranean Sea","I","Sicilia"
"Mediterranean Sea","I","Toscana"
"Mediterranean Sea","I","Veneto"
"Mediterranean Sea","IL","HaDarom"
"Mediterranean Sea","IL","HaMerkaz"
"Mediterranean Sea","IL","HaZafon"
"Mediterranean Sea","IL","Hefa"
"Mediterranean Sea","IL","Tel Aviv"
"Mediterranean Sea","LAR","Libya"
"Mediterranean Sea","M","Malta"
"Mediterranean Sea","MA","Oriental"
"Mediterranean Sea","MA","Tanger Tetouan"
"Mediterranean Sea","MA","Taza Al Hoceima Taounate"
"Mediterranean Sea","MC","Monaco"
"Mediterranean Sea","MEL","Melilla"
"Mediterranean Sea","MNE","Montenegro"
"Mediterranean Sea","RL","Lebanon"
"Mediterranean Sea","SLO","Slovenia"
"Mediterranean Sea","SYR","Al Ladhiqiyah"
"Mediterranean Sea","SYR","Tartus"
"Mediterranean Sea","TN","Tunisia"
"Mediterranean Sea","TR","Adana"
"Mediterranean Sea","TR","Antalya"
"Mediterranean Sea","TR","Aydın"
"Mediterranean Sea","TR","Balıkesir"
"Mediterranean Sea","TR","Çanakkale"
"Mediterranean Sea","TR","Edirne"
"Mediterranean Sea","TR","Hatay"
"Mediterranean Sea","TR","İzmir"
"Mediterranean Sea","TR","Mersin"
"Mediterranean Sea","TR","Muğla"
"North Sea","B","West-Vlaanderen"
"North Sea","D","Bremen"
"North Sea","D","Niedersachsen"
"North Sea","D","Schleswig-Holstein"
"North Sea","DK","Midtjylland"
"North Sea","DK","Nordjylland"
"North Sea","DK","Syddanmark"
"North Sea","F","Hauts-de-France"
"North Sea","GB","East Midlands"
"North Sea","GB","East of England"
"North Sea","GB","North East England"
"North Sea","GB","Scotland"
"North Sea","GB","South East England"
"North Sea","GB","Yorkshire and the Humber"
"North Sea","N","Hordaland"
"North Sea","N","Rogaland"
"North Sea","N","Sogn og Fjordane"
"North Sea","N","Telemark"
"North Sea","N","Vest-Agder"
"North Sea","NL","Flevoland"
"North Sea","NL","Friesland"
"North Sea","NL","Groningen"
"North Sea","NL","Noord-Holland"
"North Sea","NL","Zeeland"
"North Sea","NL","Zuid-Holland"
"Norwegian Sea","FO","Faroe Islands"
"Norwegian Sea","GB","Scotland"
"Norwegian Sea","IS","Iceland"
"Norwegian Sea","N","Finnmark"
"Norwegian Sea","N","Møre og Romsdal"
"Norwegian Sea","N","Nord-Trøndelag"
"Norwegian Sea","N","Nordland"
"Norwegian Sea","N","Sogn og Fjordane"
"Norwegian Sea","N","Sør-Trøndelag"
"Norwegian Sea","N","Troms"
"Norwegian Sea","SVA","Svalbard"
"Pacific Ocean","AS","American Samoa"
"Pacific Ocean","CDN","British Columbia"
"Pacific Ocean","CDN","Yukon"
"Pacific Ocean","CK","Cook Islands"
"Pacific Ocean","CO","Cauca"
"Pacific Ocean","CO","Chocó"
"Pacific Ocean","CO","Nariño"
"Pacific Ocean","CO","Valle de Cauca"
"Pacific Ocean","CR","Guanacaste"
"Pacific Ocean","CR","Puntarenas"
"Pacific Ocean","EC","Ecuador"
"Pacific Ocean","ES","El Salvador"
"Pacific Ocean","FJI","Fiji"
"Pacific Ocean","FSM","Micronesia"
"Pacific Ocean","GCA","Guatemala"
"Pacific Ocean","GU","Guam"
"Pacific Ocean","HN","Choluteca"
"Pacific Ocean","HN","Valle"
"Pacific Ocean","J","Aichi"
"Pacific Ocean","J","Aomori"
"Pacific Ocean","J","Chiba"
"Pacific Ocean","J","Ehime"
"Pacific Ocean","J","Fukushima"
"Pacific Ocean","J","Hokkaido"
"Pacific Ocean","J","Ibaraki"
"Pacific Ocean","J","Iwate"
"Pacific Ocean","J","Kagoshima"
"Pacific Ocean","J","Kanagawa"
"Pacific Ocean","J","Kochi"
"Pacific Ocean","J","Mie"
"Pacific Ocean","J","Miyagi"
"Pacific Ocean","J","Miyazaki"
"Pacific Ocean","J","Oita"
"Pacific Ocean","J","Okinawa"
"Pacific Ocean","J","Shizuoka"
"Pacific Ocean","J","Tokushima"
"Pacific Ocean","J","Tokyo"
"Pacific Ocean","J","Wakayama"
"Pacific Ocean","KIR","Kiribati"
"Pacific Ocean","MEX","Baja California"
"Pacific Ocean","MEX","Baja California Sur"
"Pacific Ocean","MEX","Chiapas"
"Pacific Ocean","MEX","Colima"
"Pacific Ocean","MEX","Guerrero"
"Pacific Ocean","MEX","Jalisco"
"Pacific Ocean","MEX","Michoacán"
"Pacific Ocean","MEX","Nayarit"
"Pacific Ocean","MEX","Oaxaca"
"Pacific Ocean","MEX","Sinaloa"
"Pacific Ocean","MH","Marshall Islands"
"Pacific Ocean","MP","Northern Mariana Islands"
"Pacific Ocean","NAU","Nauru"
"Pacific Ocean","NCL","New Caledonia"
"Pacific Ocean","NF","Norfolk Island"
"Pacific Ocean","NIC","Nicaragua"
"Pacific Ocean","NU","Niue"
"Pacific Ocean","NZ","New Zealand"
"Pacific Ocean","PA","Chiriquí"
"Pacific Ocean","PA","Coclé"
"Pacific Ocean","PA","Darién"
"Pacific Ocean","PA","Herrera"
"Pacific Ocean","PA","Los Santos"
"Pacific Ocean","PA","Panamá"
"Pacific Ocean","PA","Panamá Oeste"
"Pacific Ocean","PA","Veraguas"
"Pacific Ocean","PAL","Palau"
"Pacific Ocean","PE","Ancash"
"Pacific Ocean","PE","Arequipa"
"Pacific Ocean","PE","Callao"
"Pacific Ocean","PE","Ica"
"Pacific Ocean","PE","La Libertad"
"Pacific Ocean","PE","Lambayeque"
"Pacific Ocean","PE","Lima"
"Pacific Ocean","PE","Lima City"
"Pacific Ocean","PE","Moquegua"
"Pacific Ocean","PE","Piura"
"Pacific Ocean","PE","Tacna"
"Pacific Ocean","PE","Tumbes"
"Pacific Ocean","PF","French Polynesia"
"Pacific Ocean","PN","Pitcairn"
"Pacific Ocean","PNG","Bougainville"
"Pacific Ocean","PNG","North"
"Pacific Ocean","PNG","South"
"Pacific Ocean","R","Kamchatka"
"Pacific Ocean","RC","Taiwan"
"Pacific Ocean","RCH","Antofagasta"
"Pacific Ocean","RCH","Araucanía"
"Pacific Ocean","RCH","Arica y Parinacota"
"Pacific Ocean","RCH","Atacama"
"Pacific Ocean","RCH","Aysén"
"Pacific Ocean","RCH","Bío-Bío"
"Pacific Ocean","RCH","Coquimbo"
"Pacific Ocean","RCH","Lagos"
"Pacific Ocean","RCH","Libertador General Bernardo O'Higgins"
"Pacific Ocean","RCH","Magallanes"
"Pacific Ocean","RCH","Maule"
"Pacific Ocean","RCH","Ñuble"
"Pacific Ocean","RCH","Ríos"
"Pacific Ocean","RCH","Santiago"
"Pacific Ocean","RCH","Tarapacá"
"Pacific Ocean","RCH","Valparaíso"
"Pacific Ocean","RI","Maluku Utara"
"Pacific Ocean","RI","Papua"
"Pacific Ocean","RI","Papua Barat"
"Pacific Ocean","RI","Sulawesi Utara"
"Pacific Ocean","RP","Bicol"
"Pacific Ocean","RP","Cagayan Valley"
"Pacific Ocean","RP","Calabarzon"
"Pacific Ocean","RP","Caraga"
"Pacific Ocean","RP","Central Luzon"
"Pacific Ocean","RP","Davao"
"Pacific Ocean","RP","Eastern Visayas"
"Pacific Ocean","RP","Ilocos"
"Pacific Ocean","SOL","Solomon Islands"
"Pacific Ocean","TO","Tonga"
"Pacific Ocean","TOK","Tokelau"
"Pacific Ocean","TUV","Tuvalu"
"Pacific Ocean","USA","Alaska"
"Pacific Ocean","USA","California"
"Pacific Ocean","USA","Hawaii"
"Pacific Ocean","USA","Oregon"
"Pacific Ocean","USA","Washington"
"Pacific Ocean","VU","Vanuatu"
"Pacific Ocean","WF","Wallis and Futuna"
"Pacific Ocean","WS","Samoa"
"Persian Gulf","BRN","Bahrain"
"Persian Gulf","IR","Bushehr"
"Persian Gulf","IR","Hormozgan"
"Persian Gulf","IR","Khuzestan"
"Persian Gulf","IRQ","Basrah"
"Persian Gulf","KWT","Kuwait"
"Persian Gulf","OM","Oman"
"Persian Gulf","Q","Qatar"
"Persian Gulf","SA","Ash Sharqiyah"
"Persian Gulf","UAE","United Arab Emirates"
"Red Sea","DJI","Djibouti"
"Red Sea","ER","Eritrea"
"Red Sea","ET","Egypt"
"Red Sea","IL","HaDarom"
"Red Sea","JOR","Jordan"
"Red Sea","SA","Al-Madinah Al-Monawarah"
"Red Sea","SA","Jazan"
"Red Sea","SA","Makkah Al-Mokarramah"
"Red Sea","SA","Tabouk"
"Red Sea","SUD","Al-Baḥr al-Aḥmar"
"Red Sea","YE","Yemen"
"San Francisco Bay","USA","California"
"San Francisco Bay","USA","Nevada"
"Savu Sea","RI","Nusa Tenggara Timur"
"Savu Sea","TL","Timor-Leste"
"Sea of Azov","R","Krasnodarskiy"
"Sea of Azov","R","Rostovskaya"
"Sea of Azov","UA","Chersonska"
"Sea of Azov","UA","Donetska"
"Sea of Azov","UA","Krym"
"Sea of Azov","UA","Zaporizka"
"Sea of Japan","J","Akita"
"Sea of Japan","J","Aomori"
"Sea of Japan","J","Fukui"
"Sea of Japan","J","Fukuoka"
"Sea of Japan","J","Hokkaido"
"Sea of Japan","J","Hyogo"
"Sea of Japan","J","Ishikawa"
"Sea of Japan","J","Kyoto"
"Sea of Japan","J","Nagasaki"
"Sea of Japan","J","Niigata"
"Sea of Japan","J","Saga"
"Sea of Japan","J","Shimane"
"Sea of Japan","J","Tottori"
"Sea of Japan","J","Toyama"
"Sea of Japan","J","Yamagata"
"Sea of Japan","J","Yamaguchi"
"Sea of Japan","KP","North Korea"
"Sea of Japan","R","Khabarovskiy"
"Sea of Japan","R","Primorskiy"
"Sea of Japan","R","Sakhalin"
"Sea of Japan","ROK","South Korea"
"Sea of Okhotsk","J","Hokkaido"
"Sea of Okhotsk","R","Kamchatka"
"Sea of Okhotsk","R","Khabarovskiy"
"Sea of Okhotsk","R","Magadanskaya"
"Sea of Okhotsk","R","Sakhalin"
"Seto Inland Sea","J","Ehime"
"Seto Inland Sea","J","Fukuoka"
"Seto Inland Sea","J","Hiroshima"
"Seto Inland Sea","J","Hyogo"
"Seto Inland Sea","J","Kagawa"
"Seto Inland Sea","J","Oita"
"Seto Inland Sea","J","Okayama"
"Seto Inland Sea","J","Osaka"
"Seto Inland Sea","J","Tokushima"
"Seto Inland Sea","J","Wakayama"
"Seto Inland Sea","J","Yamaguchi"
"Skagerrak","DK","Nordjylland"
"Skagerrak","N","Akershus"
"Skagerrak","N","Aust-Agder"
"Skagerrak","N","Buskerud"
"Skagerrak","N","Oslo"
"Skagerrak","N","Østfold"
"Skagerrak","N","Vest-Agder"
"Skagerrak","N","Vestfold"
"Skagerrak","S","Västra Götaland"
"Solomon Sea","PNG","Bougainville"
"Solomon Sea","PNG","North"
"Solomon Sea","PNG","South"
"Solomon Sea","SOL","Solomon Islands"
"South China Sea","BRU","Brunei"
"South China Sea","CN","Fujian"
"South China Sea","CN","Guangdong"
"South China Sea","CN","Guangxi"
"South China Sea","CN","Hainan"
"South China Sea","HK","Hong Kong"
"South China Sea","MAC","Macau"
"South China Sea","MAL","Johor"
"South China Sea","MAL","Kelantan"
"South China Sea","MAL","Labuan"
"South China Sea","MAL","Pahang"
"South China Sea","MAL","Sabah"
"South China Sea","MAL","Sarawak"
"South China Sea","MAL","Terengganu"
"South China Sea","RC","Taiwan"
"South China Sea","RI","Jambi"
"South China Sea","RI","Kalimantan Barat"
"South China Sea","RI","Kepulauan Bangka Belitung"
"South China Sea","RI","Kepulauan Riau"
"South China Sea","RI","Riau"
"South China Sea","RI","Sumatera Selatan"
"South China Sea","RP","Calabarzon"
"South China Sea","RP","Central Luzon"
"South China Sea","RP","Ilocos"
"South China Sea","RP","Metro Manila"
"South China Sea","RP","Mimaropa"
"South China Sea","SGP","Singapore"
"South China Sea","VN","Mekong River Delta"
"South China Sea","VN","North and South Central Coast"
"South China Sea","VN","Northern Midlands and Mountains"
"South China Sea","VN","Red River Delta"
"South China Sea","VN","Southeast"
"Sulawesi Sea","MAL","Sabah"
"Sulawesi Sea","RI","Gorontalo"
"Sulawesi Sea","RI","Kalimantan Timur"
"Sulawesi Sea","RI","Kalimantan Utara"
"Sulawesi Sea","RI","Sulawesi Tengah"
"Sulawesi Sea","RI","Sulawesi Utara"
"Sulawesi Sea","RP","Davao"
"Sulawesi Sea","RP","Mimaropa"
"Sulawesi Sea","RP","Muslim Mindanao"
"Sulawesi Sea","RP","Northern Mindanao"
"Sulawesi Sea","RP","Soccsksargen"
"Sulawesi Sea","RP","Zamboanga Peninsula"
"Sulu Sea","MAL","Sabah"
"Sulu Sea","RP","Bicol"
"Sulu Sea","RP","Calabarzon"
"Sulu Sea","RP","Caraga"
"Sulu Sea","RP","Central Visayas"
"Sulu Sea","RP","Eastern Visayas"
"Sulu Sea","RP","Mimaropa"
"Sulu Sea","RP","Northern Mindanao"
"Sulu Sea","RP","Western Visayas"
"Sulu Sea","RP","Zamboanga Peninsula"
"Tasman Sea","AUS","New South Wales"
"Tasman Sea","AUS","Queensland"
"Tasman Sea","AUS","Tasmania"
"Tasman Sea","AUS","Victoria"
"Tasman Sea","NCL","New Caledonia"
"Tasman Sea","NF","Norfolk Island"
"Tasman Sea","NZ","New Zealand"
"The Channel","F","Bretagne"
"The Channel","F","Hauts-de-France"
"The Channel","F","Normandie"
"The Channel","GB","South East England"
"The Channel","GB","South West England"
"The Channel","GBG","Guernsey"
"The Channel","GBJ","Jersey"
"Timor Sea","AUS","Northern Territory"
"Timor Sea","AUS","Western Australia"
"Timor Sea","RI","Maluku"
"Timor Sea","RI","Nusa Tenggara Timur"
"Timor Sea","TL","Timor-Leste"
"White Sea","R","Arkhangelskaya"
"White Sea","R","Karelia"
"White Sea","R","Murmanskaya"
"Yellow Sea","CN","Hebei"
"Yellow Sea","CN","Jiangsu"
"Yellow Sea","CN","Liaoning"
"Yellow Sea","CN","Shandong"
"Yellow Sea","KP","North Korea"
"Yellow Sea","ROK","South Korea"
