"name","river","lake","sea","length","area","source","mountains","sourceelevation","estuary","estuaryelevation"
"Aare","Rhein",NULL,NULL,"288","17620","(46.55,8.2)","Alps","2310","(47.61,8.22)","311"
"Acheloos",NULL,NULL,"Mediterranean Sea","217","6329","(39.67,21.15)","Pindos","1550","(38.33,21.10)","0"
"Acre","Purus",NULL,NULL,"1000","35400","(-11,-70.7)",NULL,NULL,"(-8.75,-67.4)",NULL
"Adda","Po",NULL,NULL,"313","7979","(46.55,10.3)","Alps","2235","(45.13,9.88)","32"
"Agus River",NULL,NULL,"Sulu Sea","37","1645","(7.89,124.25)",NULL,"700","(8.20,124.19)","0"
"Aire","Ouse",NULL,NULL,"123","2308","(54.10,-2.19)","Pennines","405","(53.72,-0.90)","5"
"Aldan","Lena",NULL,NULL,"2273","729000","(56.42,123.79)","Stanovoy Highlands",NULL,"(63.44,129.55)","72"
"Aliakmonas",NULL,NULL,"Mediterranean Sea","297","8813","(40.36,20.79)","Pindos","2270","(40.47,22.65)","0"
"Allegheny River","Ohio River",NULL,NULL,"523","29992","(41.9,-77.9)","Appalachian Mountains","759","(40.42,-80.0)","222"
"Aller","Weser",NULL,NULL,"211","15744","(52.10,11.23)",NULL,"130","(52.94,9.18)","10"
"Allier","Loire",NULL,NULL,"421","14350","(44.59,3.79)","Cevennes","1503","(46.96,3.08)","167"
"Alz","Inn",NULL,NULL,"150","2197","(47.3,12.35)","Alps","1797","(48.3,12.8)","360"
"Alzette","Sauer",NULL,NULL,"73","1172","(49.48,5.96)",NULL,"305","(49.85,6.1)","192"
"Amargosa River",NULL,NULL,NULL,"185","14245","(37.07,-116.69)",NULL,"368","(36.24,-116.86)","-85"
"Amazonas",NULL,NULL,"Atlantic Ocean","3778","7050000","(-4.44,-73.45)",NULL,"88","(0,-50)","0"
"Ammer","Isar",NULL,NULL,"168","3221","(47.57,11.05)","Alps","850","(48.50,11.96)","407"
"Amudarja",NULL,NULL,NULL,"1415","465000","(37.1,68.3)",NULL,"310","(44,59)",NULL
"Amur",NULL,NULL,"Sea of Okhotsk","2824","1855000","(53.33,121.48)",NULL,"305","(53.1,140.73)","0"
"Anadyr",NULL,NULL,"Bering Sea","1150","191000","(67.05,170.84)",NULL,NULL,"(64.73,177.52)","0"
"Angara","Yenissey",NULL,NULL,"2830","1039000","(56.6,113.75)",NULL,"1600","(58.2,92.5)","76"
"Apure","Orinoco",NULL,NULL,"1038","167000","(7.43,-72.30)",NULL,"2400","(7.60,-66.41)","36"
"Apurimac","Tambo",NULL,NULL,"730","66100","(-15.24,-71.84)","Andes","5020","(-12.26,-73.97)","400"
"Araguaia","Tocantins",NULL,NULL,"2198","384800","(-17.97,-53.07)","Brazilian Highlands","760","(-5.37,-48.73)","89"
"Aras","Kura",NULL,NULL,"1072","102000","(39.40,41.29)","Kurdistan","2460","(40.02,48.45)",NULL
"Arauca","Orinoco",NULL,NULL,"1050","34000","(6.69,-72.30)",NULL,"3970","(7.50,-66.51)","37"
"Argeș","Donau",NULL,NULL,"350","12550","(45.55,24.6)","Southern Carpathians","2140","(44.06,26.62)","12"
"Argun","Amur",NULL,NULL,"1620","164000","(49.94,122.46)",NULL,"1200","(53.33,121.48)","305"
"Arkansas","Mississippi",NULL,NULL,"2334","435122","(39.25,-106.3)",NULL,"4260","(34,-91)","33"
"Arno",NULL,NULL,"Mediterranean Sea","240","8200","(43.9,11.7)","Apennin","1385","(43.7,10.2)","0"
"Arrone",NULL,NULL,"Mediterranean Sea","35","125","(42.09,12.28)",NULL,"160","(41.87,12.18)","0"
"Artibonito",NULL,NULL,"Caribbean Sea","343","8948","(18.76,-71.52)",NULL,"630","(19.24,-72.78)","0"
"Arun","Koshi",NULL,NULL,"500","33578","(28.68,85.88)","Himalaya","4700","(26.91,87.16)",NULL
"Aruwimi","Congo",NULL,NULL,"1287","116100","(-11.3,14.7)",NULL,NULL,"(2.5,29.5)","390"
"Asahan",NULL,NULL,"Malakka Strait","147","3741","(2.7,98.7)","Barisan Mountains","905","(3.1,99.2)","0"
"Atbara","Nile",NULL,NULL,"1120","112000","(12.8,37.3)","Ethiopian Highlands",NULL,"(17.68,33.97)",NULL
"Athabasca River",NULL,"Lake Athabasca",NULL,"1231","95300","(52.17,-117.43)","Rocky Mountains","1520","(58.62,-110.83)","213"
"Atrek",NULL,"Caspian Sea",NULL,"669","27300","(37.17,58.78)",NULL,"1600","(37.15,54.0)","-28"
"Avon","Severn",NULL,NULL,"123","2308","(51.34,-2.27)",NULL,"150","(51.50,-2.72)","0"
"Bagoé","Bani",NULL,NULL,"350","43500","(9.58,-7.08)",NULL,"591","(12.60,-6.56)","285"
"Bahr el-Djebel/Albert Nil",NULL,"Lake No",NULL,"1156",NULL,"(1.7,30.9)","East African Rift","619","(9.5,30.45)","390"
"Bahr el-Ghazal",NULL,"Lake No",NULL,"716","555428","(5,28.5)",NULL,NULL,"(9.5,30.43)","390"
"Bandama",NULL,NULL,"Atlantic Ocean","1050","98500","(10.22,-6.00)",NULL,NULL,"(5.14,-5.00)","0"
"Bani","Niger",NULL,NULL,"430","129400","(12.60,-6.56)",NULL,"285","(14.52,-4.2)","264"
"Bann",NULL,NULL,"Atlantic Ocean","129","5775","(54.19,-6.08)","Mourne Mountains","177","(55.17,-6.77)","0"
"Baoulé","Bani",NULL,NULL,"490","32700","(9.33,-7.40)",NULL,"460","(12.60,-6.56)","285"
"Barito",NULL,NULL,"Java Sea","1090","81675","(0.73,114.97)","Müller-Schwaner Range","950","(-3.40,114.23)","0"
"Baro","Sobat",NULL,NULL,"306","41400","(8.25,34.96)",NULL,"553","(8.45,33.2)","404"
"Bartang","Pjandsh",NULL,NULL,"528","24700","(37.35,74.4)","Pamir","4015","(37.9,71.6)","1979"
"Barwon River","Darling River",NULL,NULL,"700",NULL,"(-29.96,146.31)",NULL,"166","(-28.83,149.10)","119"
"Batang Hari",NULL,NULL,"South China Sea","800","46504","(-1.1,100.78)","Barisan Mountains","1531","(-1.06,104.2)","0"
"Bear River",NULL,"Great Salt Lake",NULL,"563","18200","(40.87,-110.83)",NULL,"2594","(41.46,-112.29)","1284"
"Bei Jiang","Xi Jiang",NULL,NULL,"468","46700","(24.8,113.6)","Nanling",NULL,"(23.15,112.8)",NULL
"Belaya",NULL,"Lower Kama Reservoir",NULL,"1430","142000","(54.55,59.05)","Ural","336","(55.92,53.53)","53"
"Belize River",NULL,NULL,"Caribbean Sea","290","5000","(16.46,-89.22)",NULL,"800","(17.53,-88.23)","0"
"Beni","Rio Madeira",NULL,NULL,"1600","280000","(-17.67,-66.8)","Andes","4324","(-10.4,-66.73)",NULL
"Benue","Niger",NULL,NULL,"1400","335035","(7.58,12.58)",NULL,"1100","(7.78,6.75)","35"
"Berezina","Dnepr",NULL,NULL,"613","24500","(55.03,27.73)",NULL,"190","(52.55,30.25)","125"
"Berounka","Moldau",NULL,NULL,"241","8708","(49.85,12.47)",NULL,"710","(50.00,14.40)","187"
"Biela Orava",NULL,"Orava Reservoir",NULL,"35.4","469.2","(49.32,19.19)","Western Carpathians","1090","(49.40,19.48)","601"
"Birs","Rhein",NULL,NULL,"75","897","(47.21,7.18)","Jura","762","(47.56,7.62)","246"
"Black Drin","Drin",NULL,NULL,"149","3504","(41.0,20.7)",NULL,"695","(42.1,20.4)",NULL
"Blue Nile","Nile",NULL,NULL,"1783","325000","(12.0,37.3)","Ethiopian Highlands","1830","(15.6,32.5)","370"
"Bosna","Save",NULL,NULL,"271","10457","(43.82,18.27)","Dinaric Alps","560","(45.07,18.47)","89"
"Brahmaputra","Ganges",NULL,NULL,"2896","651334","(31.06,81.33)","Himalaya","5750","(23.8,89.8)","6"
"Brazos River",NULL,NULL,"Gulf of Mexico","1352","116000","(33.27,-100.01)",NULL,"452","(28.88,-95.38)","0"
"Breg","Donau",NULL,NULL,"45.9","291.2","(48.100,8.172)","Black Forest","1078","(47.95,8.52)","686"
"Bregenzer Ach",NULL,"Bodensee",NULL,"67","835","(47.23,10.11)","Alps","2200","(47.50,9.69)","395"
"Brigach","Donau",NULL,NULL,"43","195","(48.11,8.28)","Black Forest","940","(47.95,8.52)","686"
"Bukhangang","Namhangang",NULL,NULL,"325","11343","(38.65,128.11)","Taebaek","1120","(37.53,127.31)","30"
"Buna",NULL,NULL,"Mediterranean Sea","44","5187","(42.05,19.5)",NULL,"1","(41.85,19.35)","0"
"Caloosahatchee River",NULL,NULL,"Gulf of Mexico","108","3570","(26.96,-81.07)",NULL,"4","(26.52,-82.03)","0"
"Catatumbo",NULL,NULL,"Lago de Maracaibo","500","22317","(7.85,-73.13)","Andes","2000","(9.35,-71.74)","0"
"Chambal","Yamuna",NULL,NULL,"960","132508","(22.47,75.63)","Vindhya Range","854","(26.5,79.25)","122"
"Chambeshi","Luapula",NULL,NULL,"500","44427","(-9.10,31.52)","East African Rift","1600","(-11.88,29.80)","1140"
"Chanab","Panjnad",NULL,NULL,"1242","138000","(32.55,76.98)","Himalaya","2286","(29.35,71.02)","120"
"Chantaika","Yenissey",NULL,NULL,"174","30700","(68.48,92.97)","Putorana Mountains","800","(68.11,86.55)","18"
"Chatanga",NULL,NULL,"Laptev Sea","1636","275000","(69.07,94.87)","Putorana Mountains","1220","(73,115)","0"
"Chelan River","Columbia River",NULL,NULL,"6.5","2393","(47.83,-120.01)","Rocky Mountains","335","(47.81,-119.98)","217"
"Chelif",NULL,NULL,"Mediterranean Sea","700","43700","(33.92,1.75)","Atlas","1380","(36.04,0.13)","0"
"Cher","Loire",NULL,NULL,"365","14000","(45.92,2.47)","Massif Central","715","(47.34,0.48)","38"
"Chulym","Ob",NULL,NULL,"2023","134000","(54.11,89.11)",NULL,"1200","(57.73,83.82)","65"
"Churchill River",NULL,NULL,"Labrador Sea","856","93415","(53.0,-66.25)",NULL,"529","(53.36,-60.17)","0"
"Chusovaya",NULL,"Kama Reservoir",NULL,"592","23000","(56.16,60.35)","Ural","356","(58.16,56.39)","108.5"
"Clark Fork River","Columbia River",NULL,NULL,"708","66800","(46.19,-112.77)","Rocky Mountains","1462","(48.18,-116.27)","626"
"Clutha River",NULL,NULL,"Pacific Ocean","338","21960","(-44.67,169.16)","New Zealand Southern Alps","280","(-46.34,169.81)","0"
"Clyde",NULL,NULL,"Irish Sea","176","4000","(55.41,-3.65)",NULL,"278","(55.96,-4.71)","0"
"Colorado",NULL,NULL,"Gulf of California","2330","629100","(40.35,-105.7)",NULL,"2700","(31.81,-114.80)","0"
"Columbia River",NULL,NULL,"Pacific Ocean","1953","668217","(50.2,-115.85)","Rocky Mountains","808","(46.24,-124.06)","0"
"Comoé",NULL,NULL,"Atlantic Ocean","813","82408","(10.94,-4.48)",NULL,NULL,"(5.19,-3.72)","0"
"Congo",NULL,NULL,"Atlantic Ocean","4374","3700000","(0.5,25.2)",NULL,"401","(-6,12)","0"
"Connecticut River",NULL,NULL,"Atlantic Ocean","655","29125","(45.25,-71.21)",NULL,"667","(41.27,-72.33)","0"
"Cuando","Zambezi",NULL,NULL,"1500","148994","(-13.00,19.12)","Bié Plateau","1460","(-17.79,25.26)","924"
"Cuango","Cuilo",NULL,NULL,"1100","263500","(-11.5,14.2)",NULL,"502","(3.3,17.4)","298"
"Cuanza",NULL,NULL,"Atlantic Ocean","960","157000","(-13.82,17.32)","Bié Plateau","1800","(-9.35,13.15)","0"
"Cuilo","Kasai",NULL,NULL,"970","93250","(-11.3,14.7)",NULL,NULL,"(3.3,17.4)","296"
"Cuito","Okavango",NULL,NULL,"920","57470","(-12.69,18.36)","Bié Plateau","1435","(-18.02,20.80)","1041"
"Culgoa River","Darling River",NULL,NULL,"1625",NULL,"(-28.24,152.47)","Great Dividing Range","772","(-29.96,146.31)","119"
"Cunene",NULL,NULL,"Atlantic Ocean","1050","110200","(-12.76,16.00)","Bié Plateau","1770","(-17.25,11.75)","0"
"Czarna Orava",NULL,"Orava Reservoir",NULL,"29",NULL,"(49.52,19.82)","Western Carpathians","912","(49.47,19.63)","601"
"Dalälv",NULL,NULL,"Baltic Sea","520","28953.8","(60.55,15.1)",NULL,"150","(60.7,17.2)","0"
"Dâmbovița","Argeș",NULL,NULL,"237","2837","(45.5,24.94)","Southern Carpathians","2100","(44.23,26.47)","20"
"Darling River","Murray River",NULL,NULL,"1472","609283","(-29.96,146.31)","Great Dividing Range","119","(-34.11,141.91)","35"
"Daugava",NULL,NULL,"Baltic Sea","1020","87900","(56,34)","Waldai Hills","228","(57,24.1)","0"
"Delaware River",NULL,NULL,"Atlantic Ocean","735","36568","(42.45,-74.60)","Appalachian Mountains","730","(39.43,-75.43)","0"
"Desna","Dnepr",NULL,NULL,"1130","88900","(54.59,33.30)",NULL,"240","(50.55,30.54)","95"
"Detroit River",NULL,"Lake Erie",NULL,"200","579000","(42.1,-82.6)",NULL,"176","(43,-82.2)","174"
"Digul",NULL,NULL,"Arafura Sea","853","45900","(-4.65,140.29)","Maoke Range","3660","(-7.12,138.70)","0"
"Dnepr",NULL,NULL,"Black Sea","2201","531817","(55.5,34)","Waldai Hills","220","(46.5257,32.252)","0"
"Dnister",NULL,NULL,"Black Sea","1352","72100","(49.2,22.93)","Wooded Carpathians","1000","(46.35,30.23)","0"
"Don",NULL,NULL,"Sea of Azov","1870","425600","(54.0,38.26)",NULL,"180","(47.1,39.4)","0"
"Donau",NULL,NULL,"Black Sea","2845","795686","(47.95,8.52)","Black Forest","686","(45.16,29.65)","0"
"Donets","Don",NULL,NULL,"1053","98900","(50.95,36.90)",NULL,"200","(47.60,40.90)","6"
"Dong Jiang","Pearl River",NULL,NULL,"523","32000","(24.4,115.2)",NULL,NULL,"(23.04,113.5)",NULL
"Dora Baltea","Po",NULL,NULL,"160","3920","(45.81,6.96)","Alps","1400","(45.18,8.05)","158"
"Doubs","Saone",NULL,NULL,"453","7710","(46.7,6.21)","Jura","937","(46.9,5.0)","175"
"Douro",NULL,NULL,"Atlantic Ocean","897","98400","(42,-3)","Cordillera Iberica","2160","(41.15,-8.66)","0"
"Drau","Donau",NULL,NULL,"749","40120","(46.73,12.26)","Alps","1450","(45.54,18.93)","90"
"Drin",NULL,NULL,"Mediterranean Sea","285","19686","(42.15,20.4)","Dinaric Alps",NULL,"(41.8,19.6)","0"
"Drina","Save",NULL,NULL,"346","19926","(43.35,18.8)","Dinaric Alps","441","(44.9,19.35)","90"
"Dunajec","Weichsel",NULL,NULL,"247","6796","(49.20,19.86)","Western Carpathians","1820","(50.24,20.73)","175"
"Durance","Rhone",NULL,NULL,"323","14342","(44.89,6.72)","Alps","2325","(43.92,4.74)","20"
"East Manych",NULL,"Caspian Sea",NULL,"220","12500","(45.62,44.19)",NULL,"27","(44.76,46.99)","-28"
"Ebro",NULL,NULL,"Mediterranean Sea","925","83093","(43.0375,-4.37)","Cordillera Cantabrica","1600","(40.8,0.5)","0"
"Eger","Elbe",NULL,NULL,"316","5614","(50.07,11.82)",NULL,"752","(50.53,14.13)","136"
"Egiin Gol","Selenge",NULL,NULL,"535","41800","(50.42,100.15)","Sayan Mountains","1624","(49.39,103.62)","823"
"Elbe",NULL,NULL,"North Sea","1091","148268","(50.78,15.54)","Sudety Mountains","1386","(53.89,8.71)","0"
"Elz","Rhein",NULL,NULL,"121","1539","(48.102,8.164)","Black Forest","1038","(48.56,7.81)","137"
"Emba",NULL,"Caspian Sea",NULL,"712","40400","(49.17,58.75)",NULL,NULL,"(46.63,53.32)","-28"
"Ems",NULL,NULL,"North Sea","371","13160","(51.86,8.70)",NULL,"129","(53.45,6.88)","0"
"Emscher","Rhein",NULL,NULL,"83","775","(51.49,7.61)",NULL,"147","(51.56,6.69)","18"
"Ene","Tambo",NULL,NULL,"180","106150","(-12.26,-73.97)","Andes","400","(-11.15,-74.23)","295"
"Enns","Donau",NULL,NULL,"254","5940","(47.33,13.35)","Alps","1375","(48.24,14.52)","245"
"Enz","Neckar",NULL,NULL,"105","2228","(48.61,8.45)","Black Forest","822","(49.01,9.15)","170"
"Essequibo",NULL,NULL,"Atlantic Ocean","1010","156828","(2.3,-63.35)","Sierra Parima","265","(7.03,-58.45)","0"
"Etsch",NULL,NULL,"Mediterranean Sea","415","12200","(46.7,10.5)","Alps","1525","(44.8,7.09)","0"
"Eucumbene River",NULL,"Lake Jindabyne",NULL,"83",NULL,"(-35.8,148.5)","Snowy Mountains","1380","(-36.30,148.6)","915"
"Euphrat","Schatt al Arab",NULL,NULL,"2736","500000","(38.8,38.75)",NULL,"820","(31.00,47.44)","20"
"Feather River","Sacramento River",NULL,NULL,"350","16000","(40.36,-121.45)",NULL,"1657","(38.78,-121.62)","8"
"Fimi","Kasai",NULL,NULL,"200","140500","(-2.7,18.2)",NULL,NULL,"(3,16.9)",NULL
"Fly River",NULL,NULL,"Coral Sea","1120","76000","(-5.30,141.52)","Maoke Range",NULL,"(-8.53,143.52)","0"
"Fraser River",NULL,NULL,"Pacific Ocean","1375","248035","(52.52,-118.32)","Rocky Mountains","2145","(49.12,-123.19)","0"
"Fulda","Weser",NULL,NULL,"221","6947","(50.5,9.9)","Rhön","850","(51.4,9.65)","116.5"
"Gail","Drau",NULL,NULL,"122","1414","(46.72,12.54)","Alps","1518","(46.61,13.88)","484"
"Gambia",NULL,NULL,"Atlantic Ocean","1120","69931","(11.4,-12.25)","Fouta Djallon","1030","(13.5,-16.6)","0"
"Gan Jiang","Yangtze",NULL,NULL,"758","81600","(24.50,114.42)","Nanling","850","(29.75,116.21)",NULL
"Gandaki","Ganges",NULL,NULL,"400","46300","(27.74,84.42)","Himalaya","190","(25.65,85.18)","44"
"Ganges",NULL,NULL,"Gulf of Bengal","2620","1750000","(30.93,79.06)","Himalaya","3892","(22,90)","0"
"Gaoping",NULL,NULL,"South China Sea","171","3257","(23.48,120.04)",NULL,"3400","(22.49,120.58)","0"
"Garonne",NULL,NULL,"Atlantic Ocean","647","55000","(42.6,0.98)","Pyrenees","1872","(45.0,-0.6)","0"
"Genil","Guadalquivir",NULL,NULL,"358","8278","(37.11,-3.34)","Cordillera Betica","1480","(37.69,-5.32)","44"
"Georgina River",NULL,"Lake Eyre",NULL,"2060","232000","(-19.69,138.00)",NULL,"241","(-27.92,127.7)","-15"
"Geumgang",NULL,NULL,"Yellow Sea","401","9859","(35.59,127.50)",NULL,"530","(36.00,126.65)","0"
"Ghaghara","Ganges",NULL,NULL,"1080","127950","(30.56,80.68)","Himalaya","5400","(25.74,84.68)","35"
"Gila River","Colorado",NULL,NULL,"1044","150737","(33.18,-108.21)",NULL,"1692","(32.72,-114.55)","36"
"Glomma",NULL,NULL,"Skagerrak","621","42000","(62.6,12)",NULL,"860","(59.20,10.95)","0"
"Godavari",NULL,NULL,"Gulf of Bengal","1465","313390","(13.93,73.53)","Western Ghats","1200","(16.74,82.35)","0"
"Gongola","Benue",NULL,NULL,"531","56000","(9.75,8.87)",NULL,"1250","(9.50,12.06)","140"
"Götaälv",NULL,NULL,"Kattegat","93","50180","(58.4,12.34)",NULL,"44","(57.7,11.9)","0"
"Great Bear River","Mackenzie River",NULL,NULL,"113","156500","(65.13,-123.51)",NULL,"186","(64.91,-125.60)","60"
"Great Ouse",NULL,NULL,"North Sea","64","1260","(52.09,-1.09)",NULL,"150","(52.80,-0.36)","0"
"Green River","Colorado",NULL,NULL,"1175","124578","(43.15,-109.67)",NULL,"1692","(38.19,-109.49)","1181"
"Guadalquivir",NULL,NULL,"Atlantic Ocean","657","56978","(37.83,-2.98)","Cordillera Betica","1400","(36.79,-6.36)","0"
"Guadiana",NULL,NULL,"Atlantic Ocean","742","67733","(42,-3)","Cordillera Iberica","608","(37.35,-7.65)","0"
"Gudenå",NULL,NULL,"Kattegat","158","2643","(55.90,9.40)",NULL,"65","(56.48,10.21)","0"
"Hadejia","Yobe",NULL,NULL,"630","31650","(11.51,7.34)",NULL,"700","(12.66,10.63)","350"
"Han","Yangtze",NULL,NULL,"1532","174300","(33.14,106.82)","Qin Ling","580","(30.55,114.3)","75"
"Hase","Ems",NULL,NULL,"170","3086","(52.63,8.27)",NULL,"163","(52.70,7.29)","11"
"Havel","Elbe",NULL,NULL,"334","24096","(53.47,12.95)",NULL,"65","(52.91,11.88)","22"
"Helmand",NULL,"Lake Hamun",NULL,"1125","386000","(34.64,68.67)","Koh-e-Baba","3800","(31,61.25)","500"
"Hernad","Sajó",NULL,NULL,"286","5500","(48.94,20.18)","Western Carpathians","750","(47.99,20.93)","95"
"Hinterrhein","Rhein",NULL,NULL,"72","1693","(46.50,9.04)","Alps","2400","(46.82,9.41)","590"
"Hong He",NULL,NULL,"South China Sea","1149","170977","(25.8,101.3)",NULL,"1776","(20.27,106.55)","0"
"Hrazdan","Aras",NULL,NULL,"141","2560","(40.55,44.09)",NULL,"1904","(39.99,44.45)","797"
"Hron","Donau",NULL,NULL,"298","5453","(48.86,20.22)","Western Carpathians","935","(47.82,18.74)","100"
"Huai",NULL,NULL,"Yellow Sea","1110","174000","(32.4,113.3)","Qin Ling",NULL,"(34.25,120.27)","0"
"Huallaga","Maranon",NULL,NULL,"1138","85000","(-10.50,-76.3)","Andes","5800","(-5.1,-75.62)",NULL
"Huang He",NULL,NULL,"Yellow Sea","4845","752000","(35.31,96.23)","Kunlun","4500","(37.74,119.14)","0"
"Hudson River",NULL,NULL,"Atlantic Ocean","493","5405","(44.1,-73.95)","Adirondacks","1309","(40.7,-74.0)","0"
"Humboldt River",NULL,NULL,NULL,"467","42994","(41.12,-114.97)",NULL,"1713","(39.99,-118.61)","1187"
"Ialomița","Donau",NULL,NULL,"414","8900","(45.42,24.44)","Southern Carpathians","2160","(44.70,27.85)","5"
"Ibar","Zapadna Morava",NULL,NULL,"276","8059","(42.80,20.09)","Dinaric Alps","1280","(43.73,20.75)","190"
"Iguacu","Parana",NULL,NULL,"1320","62000","(-25.4,-49.0)","Serra do Mar","1200","(-25.6,-54.6)","110"
"Ili",NULL,"Ozero Balchash",NULL,"1001","140000","(43.58,82.55)",NULL,"800","(45.4,74.14)","340"
"Ill","Rhein",NULL,NULL,"217","4760","(47.46,7.26)","Jura","560","(48.70,7.93)","127"
"Iller","Donau",NULL,NULL,"147","2152","(47.43,10.27)","Alps","783","(48.38,9.97)","468"
"Ilz","Donau",NULL,NULL,"62","850","(48.94,13.41)","Bayrischer Wald","1300","(48.57,13.47)","291"
"Imera Meridionale",NULL,NULL,"Mediterranean Sea","144","2122","(37.83,14.15)",NULL,"1160","(37.11,13.95)","0"
"Indigirka",NULL,NULL,"East Sibirian Sea","1726","360000","(61.90,142.44)",NULL,"790","(70.82,148.90)","0"
"Indus",NULL,NULL,"Arabian Sea","3180","980000","(32.45,79.7)","Transhimalaya","5300","(24,67.4)","0"
"Ingoda","Schilka",NULL,NULL,"708","37200","(49.7,111.05)",NULL,"2000","(51.7,115.84)","498"
"Inhul","SouthernBug",NULL,NULL,"354","9890","(48.76,32.03)",NULL,"155","(46.99,31.98)","2"
"Inhulets","Dnepr",NULL,NULL,"557","14460","(50.91,36.45)",NULL,"175","(46.68,32.81)","40"
"Inn","Donau",NULL,NULL,"517","25700","(46.41,9.67)","Alps","2484","(48.57,13.47)","291"
"Irawaddy",NULL,NULL,"Andaman Sea","2170","413674","(29,98)","Hengduan Shan","4300","(17,96)","0"
"Irtysh","Ob",NULL,NULL,"4248","1673470","(47.9,90.0)","Altai","2930","(61.07,68.93)","23"
"Isar","Donau",NULL,NULL,"295","8370","(47.37,11.40)","Alps","1160","(48.80,12.98)","310"
"Isere","Rhone",NULL,NULL,"286","11890","(45.4,7.0)","Alps","2815","(45.0,4.85)","108"
"Ishikari",NULL,NULL,"Pacific Ocean","268","14330","(43.54,143.00)",NULL,"1400","(43.27,141.38)","0"
"Ishim","Irtysh",NULL,NULL,"2450","177000","(52,71.5)",NULL,NULL,"(58,71.5)",NULL
"Iskar","Donau",NULL,NULL,"368","8600","(42.19,22.33)","Vitosha","2500","(43.73,24.44)","65"
"Isset","Tobol",NULL,NULL,"606","58900","(56.95,60.40)",NULL,"250","(56.60,66.29)","51"
"Jaldhaka","Brahmaputra",NULL,NULL,"250","4800","(27.33,88.89)","Himalaya","4300","(25.75,89.71)","26"
"Jamaare","Yobe",NULL,NULL,"650",NULL,"(9.93,8.89)",NULL,"1160","(12.66,10.63)","350"
"Japura","Amazonas",NULL,NULL,"2816","255700","(1.8,-76.6)","Andes",NULL,"(-3.17,-64.77)",NULL
"Jarama","Tejo",NULL,NULL,"190","11597","(41.15,-3.53)","Cordillera Iberica Central","2119","(40.03,-3.65)","482"
"Jhelum","Chanab",NULL,NULL,"720","55300","(33.75,75.38)","Himalaya","3400","(31.17,72.15)",NULL
"Jihlava","Svratka",NULL,NULL,"184","3117","(49.26,15.28)",NULL,"630","(48.91,16.61)","164"
"Jiu","Donau",NULL,NULL,"385","10070","(45.28,22.82)","Southern Carpathians","1320","(43.78,23.81)","23"
"Jökulsa a Fjöllum",NULL,NULL,"Greenland Sea","206","7380","(64.8,-16.5)",NULL,NULL,"(66.2,-16.6)","0"
"Jordan",NULL,"Dead Sea",NULL,"251","18000","(33.7,35.7)","Jabal Lubnan","80","(31.3,35.5)","-422"
"Jordan River",NULL,"Great Salt Lake",NULL,"82.7","9920","(40.36,-111.90)",NULL,"1368","(40.90,-111.98)","1284"
"Jubba",NULL,NULL,"Indian Ocean","1658","497626","(7,39)",NULL,NULL,"(-0.5,42.7)","0"
"Júcar",NULL,NULL,"Mediterranean Sea","500","21600","(40.40,-1.84)","Cordillera Iberica","1570","(39.15,-0.24)","0"
"Jurua","Amazonas",NULL,NULL,"3283","225828","(-9.76,-72.06)",NULL,"260","(-2.63,-65.75)","36"
"Juruena","Tapajós",NULL,NULL,"1240","190940","(-14.75,-59.06)",NULL,"600","(-7.35,-58.03)","95"
"Kabul","Indus",NULL,NULL,"71","70500","(34.35,68.5)",NULL,"3230","(33.9,72.23)","280"
"Kadei","Sanga",NULL,NULL,"552","41000","(5.9,14.55)",NULL,"1017","(3.5,16.05)","379"
"Kaduna","Niger",NULL,NULL,"575","66300","(9.87,8.87)",NULL,"1280","(8.74,5.80)","56"
"Kafue","Zambezi",NULL,NULL,"402","155805","(-11.62,27.03)",NULL,"1350","(-15.94,28.91)","372"
"Kagera",NULL,"Lake Victoria",NULL,"400","60000","(-2.4,30.8)","East African Rift","1320","(-0.95,31.8)","1134"
"Kali Gandaki","Gandaki",NULL,NULL,"350","11863","(29.29,83.82)","Himalaya","6268","(27.74,84.42)","190"
"Kalmius",NULL,NULL,"Sea of Azov","209","5070","(48.12,37.87)",NULL,"220","(47.08,37.58)","0"
"Kama",NULL,"Kuybyshev Reservoir",NULL,"1805","507000","(58.2,53.75)",NULL,"336","(55.4,50.3)","53"
"Kamchatka",NULL,NULL,"Pacific Ocean","758","55900","(54.25,157.53)",NULL,"1050","(56.20,162.48)","0"
"Kapuas",NULL,NULL,"South China Sea","1143","98749","(1.39,114.16)","Müller-Schwaner Range","1180","(-9.55,109.09)","0"
"Karasu",NULL,"Lake Keban",NULL,"470","22000","(40.9,41.3)","Kurdistan","1950","(38.8,38.75)","820"
"Karun","Schatt al Arab",NULL,NULL,"950","65230","(32.35,50.1)","Zagros",NULL,"(30.43,48.17)",NULL
"Kasai","Congo",NULL,NULL,"2153","881890","(-10.96,19.3)","Bié Plateau",NULL,"(3.3,17.4)","270"
"Katun","Ob",NULL,NULL,"688","60900","(49.75,86.56)","Altai","2000","(52.43,85.00)","162"
"Kemijoki",NULL,NULL,"Baltic Sea","550","51127","(67.96,28.9525)",NULL,"230","(65.77,24.45)","0"
"Kherlen",NULL,"Hulun Nur",NULL,"1264","116400","(48.8,109.2)","Khentii Mountains",NULL,"(48.75,117.05)","539"
"Kitakami",NULL,NULL,"Pacific Ocean","249","10150","(40.07,141.16)",NULL,"720","(38.41,141.31)","0"
"Kızılırmak",NULL,NULL,"Black Sea","1355","78180","(39.85,38.40)",NULL,"2250","(41.74,35.95)","0"
"Klamath River",NULL,NULL,"Pacific Ocean","423","40632","(42.19,-122.77)","Rocky Mountains","1247","(41.55,-124.08)","0"
"Klarälv",NULL,"Vänern",NULL,"460","11847","(62.2,11.9)",NULL,"662","(59.4,13.5)","44"
"Kokemäenjoki",NULL,NULL,"Baltic Sea","121","27046","(61.3,23)",NULL,"57.5","(61.3,21.2)","0"
"Kolyma",NULL,NULL,"East Sibirian Sea","2513","647000","(62.3,147.7)",NULL,NULL,"(69.63,161.49)","0"
"Komo",NULL,NULL,"Atlantic Ocean","260","5000","(0.02,11.75)",NULL,"700","(0.42,9.41)","0"
"Koshi","Ganges",NULL,NULL,"300","86900","(26.91,87.16)","Himalaya","150","(25.4,87.26)",NULL
"Koukdjuak River",NULL,NULL,"Arctic Ocean","80","108000","(66.58,-71.36)",NULL,"30","(66.74,-73.06)","0"
"Krishna",NULL,NULL,"Gulf of Bengal","1291","258950","(17.9,73.4)","Western Ghats","1337","(15.71,80.93)","0"
"Kuban",NULL,NULL,"Sea of Azov","870","57900","(43.33,42.39)",NULL,"3400","(45.34,37.40)","0"
"Künes","Ili",NULL,NULL,"220","3532","(43.21,84.85)","Tian Shan","2800","(43.58,82.55)","800"
"Kura",NULL,"Caspian Sea",NULL,"1364","218906","(40.7,42.76)","Kurdistan","2650","(39.28,49.43)","-28"
"Kushiro",NULL,NULL,"Pacific Ocean","154","2510","(43.56,144.33)",NULL,"121","(42.98,144.37)","0"
"Kvichak River",NULL,NULL,"Bering Sea","97","16830","(59.83,-155.88)","Alaska Range","14","(58.88,-157.04)","0"
"Kymijoki",NULL,NULL,"Baltic Sea","203","37159","(61.5,25.4)",NULL,"78","(60.3,26.5)","0"
"Lachlan River","Murrumbidgee River",NULL,NULL,"1440","84700","(-34.78,149.53)","Great Dividing Range","699","(-34.37,143.78)","68"
"Lågen","Glomma",NULL,NULL,"204","11459","(62.19,8.45)",NULL,"611","(61.10,11.45)","123"
"Lahn","Rhein",NULL,NULL,"246","5925","(50.89,8.24)","Rothaargebirge","603","(50.31,7.59)","69"
"Lambro","Po",NULL,NULL,"130","1350","(45.92,9.24)",NULL,"942","(45.14,9.55)","49"
"Lech","Donau",NULL,NULL,"264","3926","(47.17,10.0)","Alps","1840","(48.73,10.93)","392"
"Leine","Aller",NULL,NULL,"281","6512","(51.39,10.32)",NULL,"340","(52.72,9.59)","25"
"Lena",NULL,NULL,"Laptev Sea","4400","2306772","(53.99,107.88)",NULL,"1465","(72.40,126.7)","0"
"Leven","Clyde",NULL,NULL,"10","730","(56.01,-4.59)",NULL,"7.9","(55.94,-4.57)",NULL
"Liao He",NULL,NULL,"Yellow Sea","1390","232000","(42.9,116.95)",NULL,NULL,"(40.91,121.81)","0"
"Liard River","Mackenzie River",NULL,NULL,"1115","277100","(61.2,-131.6)",NULL,"1500","(61.85,-121.3)","120"
"Limmat","Aare",NULL,NULL,"36.3","2416","(47.23,8.64)",NULL,"406","(47.50,8.24)","328"
"Limpopo",NULL,NULL,"Indian Ocean","1750","413000","(-26,28)",NULL,"1800","(-25.2,34)","0"
"Lippe","Rhein",NULL,NULL,"220","4890","(51.78,8.82)",NULL,"140","(51.65,6.60)","15"
"Litani",NULL,NULL,"Mediterranean Sea","140","2290","(34.01,36.10)","Jabal Lubnan","1000","(33.33,35.24)","0"
"Little Yenissey","Yenissey",NULL,NULL,"563","58700","(51.40,99.30)",NULL,"1538","(51.73,94.35)","619"
"Logone","Schari",NULL,NULL,"965","78000","(7.43,13.49)",NULL,"1060","(12.10,16.47)","298"
"Loire",NULL,NULL,"Atlantic Ocean","1013","117000","(44.84,4.22)","Cevennes","1408","(47.27,-2.18)","0"
"Lomami","Congo",NULL,NULL,"1450","103900","(-8.7,24.7)",NULL,"1140","(-0.8,24)","395"
"Lualaba","Congo",NULL,NULL,NULL,NULL,"(-12,27)",NULL,"1400","(0.5,25.2)","401"
"Luangwa","Zambezi",NULL,NULL,"806","159615","(-9.97,33.35)","East African Rift","2240","(-15.62,30.42)","327"
"Luapula",NULL,"Lake Mweru",NULL,"740","173386","(-11.2,29.7)",NULL,"1140","(-9,28.7)","931"
"Lukenie","Fimi",NULL,NULL,"900",NULL,"(-6.8,24.5)",NULL,NULL,"(3,16.9)",NULL
"Lukuga","Lualaba",NULL,NULL,"350","265000","(-5.9,29.2)","East African Rift","782","(-5.64,26.91)","590"
"Lulua","Kasai",NULL,NULL,"970",NULL,"(-10.99,23.7)",NULL,NULL,"(-5.04,21.11)","382"
"Luvironza","Ruvuvu",NULL,NULL,"110","2046","(-3.9,29.8)","East African Rift","2040","(-3.35,30.0)","1410"
"Luvua","Lualaba",NULL,NULL,"350","265300","(-9,28.7)","East African Rift","931","(-6.74,26.95)",NULL
"Maas","Rhein",NULL,NULL,"925","34548","(47.97,5.63)",NULL,"409","(51.73,4.73)","0"
"Macintyre River","Barwon River",NULL,NULL,"470","49470","(-29.94,151.60)","Great Dividing Range","1360","(-29.96,146.31)","119"
"Mackenzie River",NULL,NULL,"Arctic Ocean","1903","1805200","(61.7,-113.9)",NULL,"156","(69.20,-135.02)","0"
"Mae Nam Chao Phraya",NULL,NULL,"Gulf of Thailand","372","160000","(15.7,100.14)",NULL,"33","(13.54,100.59)","0"
"Mae Nam Nan","Mae Nam Chao Phraya",NULL,NULL,"740","57947","(19.3,101.2)","Shan Highlands","1240","(15.7,100.14)","33"
"Mae Nam Ping","Mae Nam Chao Phraya",NULL,NULL,"658","44688","(19.81,98.83)","Shan Highlands","1350","(15.7,100.14)","33"
"Mahakam",NULL,NULL,"Java Sea","980","77100","(1.36,114.59)","Müller-Schwaner Range","1200","(-0.80,117.46)","0"
"Mahanadi",NULL,NULL,"Gulf of Bengal","851","141600","(20.19,81.96)",NULL,"442","(20.29,86.71)","0"
"Mahaweli",NULL,NULL,"Gulf of Bengal","335","10448","(6.89,80.58)",NULL,"1280","(8.46,81.23)","0"
"Main","Rhein",NULL,NULL,"524","27292","(50.1,11.4)","Fichtelgebirge","887","(49.99,8.29)","82"
"Maine","Loire",NULL,NULL,"11","22350","(47.49,-0.54)",NULL,"15","(47.61,-0.61)","13"
"Malagarasi",NULL,"Lake Tanganjika",NULL,"475","130000","(-3.91,30.26)","East African Rift","1180","(-5.25,29.8)","782"
"Mamberano",NULL,NULL,"Pacific Ocean","1112","78992","(-4.64,140.80)","Maoke Range","1900","(-1.47,137.90)","0"
"Mambere","Sanga",NULL,NULL,"488","27900","(6.24,14.72)",NULL,"1143","(3.5,16.05)","379"
"Mangoky",NULL,NULL,"Indian Ocean","714","55750","(-21.72,47.3)",NULL,"1080","(-21.43,43.47)","0"
"Manicouagan River","Saint Lawrence River",NULL,NULL,"200","45800","(51.10,-68.71)",NULL,"350","(49.18,-68.19)","0"
"Manitou River",NULL,"Lake Huron",NULL,"15",NULL,"(45.70,-82.00)",NULL,"215","(45.60,-82.10)","176"
"Mantaro","Tambo",NULL,NULL,"724","15410","(-10.92,-76.27)","Andes","4082","(-12.26,-73.97)","400"
"Manych","Don",NULL,NULL,"420","35400","(45.71,44.11)",NULL,"27","(47.25,40.25)","2"
"Mara",NULL,"Lake Victoria",NULL,"395","13325","(-0.3,36)","East African Rift","2920","(-1.51,33.93)","1134"
"Maranon","Amazonas",NULL,NULL,"1905","382877","(-10.00,-76.66)","Cordillera Blanca","5800","(-4.44,-73.45)","88"
"March","Donau",NULL,NULL,"358","27633","(50.21,16.85)","Sudety Mountains","1380","(48.17,16.98)","135"
"Mareb",NULL,NULL,NULL,"440","31000","(15.25,38.91)","Ethiopian Highlands","2250","(16.14,36.32)","480"
"Maritsa",NULL,NULL,"Mediterranean Sea","525","52900","(42.16,23.64)","Rila","2378","(40.74,26.03)","0"
"Marne","Seine",NULL,NULL,"514","12816","(47.8,5.35)",NULL,"406","(48.8,2.4)","32"
"Marta",NULL,NULL,"Mediterranean Sea","54",NULL,"(42.53,12.93)",NULL,"335","(42.23,11.70)","0"
"Mayenne","Maine",NULL,NULL,"203","5820","(48.46,-0.13)",NULL,"343","(47.49,-0.54)","15"
"Mayo Kebbi","Benue",NULL,NULL,"495","30000","(9.11,15.10)",NULL,"400","(9.32,13.53)",NULL
"Mbomou","Ubangi",NULL,NULL,"966","156950","(5.02,27.45)",NULL,"725","(4.1,22.45)","395"
"Medjerda",NULL,NULL,"Mediterranean Sea","460","22000","(36.32,8.4)","Atlas",NULL,"(37.0,10.2)","0"
"Meghna","Ganges",NULL,NULL,"910","82000","(25.47,94.29)","Patkai Mountains","2060","(23.24,90.63)","0.5"
"Mekong",NULL,NULL,"South China Sea","4350","795000","(33.75,94.66)","Tanggula Shan","5374","(10.19,106.75)","0"
"Mékrou","Niger",NULL,NULL,"410","10500","(10.05,-1.76)",NULL,"410","(12.41,2.82)","175"
"Memel",NULL,NULL,"Baltic Sea","937","98200","(53.25,27.31)",NULL,"176","(55.34,21.25)","0"
"Mera",NULL,"Lago di Como",NULL,"50",NULL,"(46.40,9.57)","Alps","2791","(46.20,9.38)","197"
"Merrimack River",NULL,NULL,"Atlantic Ocean","177","12900","(43.4,-71.6)",NULL,"153","(42.82,-70.81)","0"
"Meurthe","Mosel",NULL,NULL,"161","3085","(48.06,7.02)","Vogesen","1185","(48.78,6.14)","189"
"Miass","Isset",NULL,NULL,"658","21800","(54.77,59.62)",NULL,"600","(56.09,64.50)","66"
"Mincio","Po",NULL,NULL,"75","2859","(45.4,10.7)","Alps","65","(45.1,10.95)",NULL
"Mindemoya River",NULL,"Lake Huron",NULL,"8",NULL,"(45.71,-82.23)",NULL,"200","(45.67,-82.27)","176"
"Mino",NULL,NULL,"Atlantic Ocean","308","12486","(43.19,-7.53)","Cordillera Cantabrica","695","(41.87,-8.87)","0"
"Mississippi",NULL,NULL,"Gulf of Mexico","3778","2981076","(47.25,-95.2)",NULL,"512","(29.15,-89.25)","0"
"Missouri","Mississippi",NULL,NULL,"4130","1371010","(45.9,-111.5)",NULL,"1232","(38.81,-90.12)","123"
"Moa",NULL,NULL,"Atlantic Ocean","475","19835","(9.00,-9.55)",NULL,"930","(6.98,-11.59)","0"
"Moesa","Ticino",NULL,NULL,"46","475","(46.50,9.06)","Alps","2250","(46.22,9.04)","233"
"Moldau","Elbe",NULL,NULL,"440","28000","(48.97,13.56)","Bohemian Mountains","1174","(50.35,14.47)","155"
"Molonglo River","Murrumbidgee River",NULL,NULL,"115",NULL,"(-35.67,149.50)",NULL,"1130","(-34.24,148.97)","440"
"Mondego",NULL,NULL,"Atlantic Ocean","234","6644","(40.43,-7.57)","Cordillera Iberica Central","1425","(40.15,-8.88)","0"
"Mono",NULL,NULL,"Atlantic Ocean","460","25000","(9.31,1.49)",NULL,"420","(6.30,1.93)","0"
"Moraca",NULL,"Lake Skutari",NULL,"99.5","1600","(42.85,19.25)","Dinaric Alps","1600","(42.25,19.15)","7"
"Morava","Donau",NULL,NULL,"185","37444","(43.7,21.4)","Dinaric Alps","132","(44.6,21.1)","65"
"Mosel","Rhein",NULL,NULL,"544","28286","(47.89,6.89)","Vogesen","715","(50.37,7.61)","60"
"Moskva","Oka",NULL,NULL,"502","17600","(55.49,35.40)",NULL,"270","(55.07,38.85)","100"
"Motala Ström",NULL,NULL,"Baltic Sea","100","15481","(58.54,15.00)",NULL,"88","(58.62,16.25)","0"
"Moulouya",NULL,NULL,"Mediterranean Sea","550","74000","(32.69,-5.21)","Atlas","1800","(35.12,-2.34)","0"
"Mulde","Elbe",NULL,NULL,"314","7400","(50.41,12.40)","Erzgebirge","770","(51.87,12.23)","57"
"Mur","Drau",NULL,NULL,"453","14108","(47.13,13.35)","Alps","1898","(46.30,16.88)","130"
"Murat",NULL,"Lake Keban",NULL,"720","40000","(39.55,44.1)","Kurdistan","2720","(38.8,38.75)","820"
"Murchison River",NULL,NULL,"Indian Ocean","1131","82000","(-25.87,118.87)",NULL,"521","(-27.71,114.16)","0"
"Mureș","Tisza",NULL,NULL,"776","27832","(46.62,25.62)","Eastern Carpathians","850","(46.25,20.19)","75"
"Murray River",NULL,NULL,"Indian Ocean","2508","1061469","(-36.80,148.20)","Snowy Mountains","1430","(-35.55,138.88)","0"
"Murrumbidgee River","Murray River",NULL,NULL,"1579","166340","(-35.6,148.6)","Snowy Mountains","1560","(-34.73,143.22)","55"
"Naab","Donau",NULL,NULL,"197","5514","(49.76,12.4)","Bayrischer Wald","775","(49.02,12.02)","333"
"Nachal HaBesor",NULL,NULL,"Mediterranean Sea","111","3700","(30.81,34.73)",NULL,"600","(31.46,34.37)","0"
"Nachal HaKishon",NULL,NULL,"Mediterranean Sea","70","1100","(33.7,35.7)",NULL,"100","(32.82,35.03)","0"
"Nachal Sorek",NULL,NULL,"Mediterranean Sea","65","722","(31.88,35.19)",NULL,"750","(31.94,34.71)","0"
"Nakdonggang",NULL,NULL,"Sea of Japan","526","23384","(37.09,129.04)","Taebaek","540","(35.05,128.93)","0"
"Namhangang",NULL,NULL,"Yellow Sea","494","35770","(37.23,128.98)","Taebaek","850","(37.75,126.18)","0"
"Narew","Weichsel",NULL,NULL,"484","75175","(52.87,24.23)",NULL,"159","(52.43,20.67)","67"
"Narmada",NULL,NULL,"Arabian Sea","1312","98800","(22.76,81.75)","Satpura Range","1057","(21.57,72.70)","0"
"Narva",NULL,NULL,"Baltic Sea","78","56200","(58.68,27.49)",NULL,"30","(59.46,28.04)","0"
"Naryn","Syrdarja",NULL,NULL,"678","59100","(41.8,77.5)","Tian Shan",NULL,"(40.9,71.75)","400"
"Neckar","Rhein",NULL,NULL,"367","14000","(48.05,8.5)",NULL,"706","(49.51,8.44)","88"
"Neiße","Oder",NULL,NULL,"254","4403","(50.73,15.23)","Sudety Mountains","655","(52.07,14.76)","32"
"Nelson River",NULL,NULL,"Hudson Bay","664","1093442","(52.77,-97.97)",NULL,"218","(57.15,-92.33)","0"
"Neretva",NULL,NULL,"Mediterranean Sea","218","5581","(43.28,18.55)","Dinaric Alps","1095","(43.02,17.44)","0"
"Neris","Memel",NULL,NULL,"510","25100","(54.69,27.87)",NULL,"177","(54.90,23.87)","21"
"Ness",NULL,NULL,"North Sea","12","1850","(57.41,-4.33)",NULL,"16","(57.49,-4.22)","0"
"Newa",NULL,NULL,"Baltic Sea","74","281000","(60.82,31.53)",NULL,"4","(59.95,30.17)","0"
"Newhalen River",NULL,"Iliamna Lake",NULL,"40","9000","(59.95,-154.86)","Alaska Range","77","(59.71,-154.89)","14"
"Niagara River",NULL,"Lake Ontario",NULL,"58","684000","(42.9,-78.9)",NULL,"174","(43.25,-79.1)","75"
"Nidda","Main",NULL,NULL,"89.7","1923","(50.53,9.23)",NULL,"720","(50.10,8.55)","95"
"Niger",NULL,NULL,"Atlantic Ocean","4184","2261763","(9.65,-10.87)",NULL,"490","(5.32,6.42)","0"
"Nile",NULL,NULL,"Mediterranean Sea","3090","3254853","(15.6,32.5)",NULL,"370","(31.5,31)","0"
"Nipigon River",NULL,"Lake Superior",NULL,"48","25400","(49.44,-88.21)",NULL,"260","(48.96,-88.25)","186"
"Nitra","Waag",NULL,NULL,"166","4499","(48.96,18.60)",NULL,"910","(47.96,18.02)","110"
"Nizhnyaya Tunguska","Yenissey",NULL,NULL,"2989","473000","(58.04,105.68)",NULL,"565","(65.78,87.96)","20"
"North Platte River","Platte River",NULL,NULL,"1094","80031","(40.68,-106.4)","Rocky Mountains","2456","(41.12,-100.68)","845"
"North Saskatchewan River","Saskatchewan River",NULL,NULL,"1287","122800","(52.15,-117.18)","Rocky Mountains","2080","(53.24,-105.08)","380"
"Northern Dwina",NULL,NULL,"White Sea","740","357052","(60.73,39.80)",NULL,"50","(64.55,40.5333)","0"
"Ntem",NULL,NULL,"Atlantic Ocean","460","31000","(2.00,12.5)",NULL,"600","(2.35,9.82)","0"
"Nzoia",NULL,"Lake Victoria",NULL,"334","12903","(1.02,35.44)","East African Rift","2704","(0.05,33.95)","1134"
"Ob",NULL,NULL,"Kara Sea","3650","2972497","(52.43,85.00)",NULL,"162","(66.48,71.35)","0"
"Oder",NULL,NULL,"Baltic Sea","866","118861","(49.61,17.52)","Sudety Mountains","634","(53.60,14.59)","0"
"Ogooué",NULL,NULL,"Atlantic Ocean","1200","223856","(-2.94,13.80)",NULL,"840","(-1.02,8.88)","0"
"Ohio River","Mississippi",NULL,NULL,"1579","490574","(40.42,-80.0)",NULL,"222","(36.98,-89.13)","88"
"Oka","Volga",NULL,NULL,"1480","245000","(52.35,36.2)",NULL,"226","(56.3,44)","67"
"Okavango",NULL,NULL,NULL,"1700","721258","(-12.71,16.06)","Bié Plateau","1850","(-18.95,22.5)",NULL
"Oker","Aller",NULL,NULL,"128","1822","(51.77,10.49)","Harz","910","(52.52,10.36)","45"
"Olenyok",NULL,NULL,"Laptev Sea","2292","219000","(67.59,105.16)",NULL,"250","(73.00,105.16)","0"
"Olt","Donau",NULL,NULL,"615","24010","(46.65,25.8)","Eastern Carpathians","1280","(43.7,24.8)","21"
"Onon","Schilka",NULL,NULL,"1032","96200","(48.84,108.8)","Khentii Mountains",NULL,"(51.7,115.84)","498"
"Oranje",NULL,NULL,"Atlantic Ocean","2160","973000","(-28.90,29.02)","Drakensberge","3150","(-28.53,16.45)","0"
"Orava","Waag",NULL,NULL,"62","1192","(49.38,19.56)","Western Carpathians","601","(49.15,19.14)","430"
"Orbe",NULL,"Lac de Neuchâtel",NULL,"72","476","(46.49,6.06)","Jura","1100","(46.79,6.66)","429"
"Orchon","Selenge",NULL,NULL,"1124","132835","(46.75,101.15)","Khangai Range",NULL,"(50.25,106.15)",NULL
"Orinoco",NULL,NULL,"Atlantic Ocean","2010","1000000","(2.3,-63.35)","Sierra Parima","1047","(8.56,-60.5)","0"
"Orontes",NULL,NULL,"Mediterranean Sea","571","22300","(34.2,36.35)","Jabal Lubnan","910","(36.04,35.96)","0"
"Oskol","Donets",NULL,NULL,"472","14800","(51.60,37.22)",NULL,"200","(49.01,37.41)","60"
"Ossam","Donau",NULL,NULL,"314","2820","(42.72,24.77)","Balkan","1821","(43.70,24.85)","40"
"Österdalälv","Dalälv",NULL,NULL,"241","12430","(61.85,12.7)",NULL,"442.5","(60.55,15.1)","150"
"Oti",NULL,"Lake Volta",NULL,"937","72778","(10.65,1.48)",NULL,"640","(8.37,0.12)","85"
"Ottawa River","Saint Lawrence River",NULL,NULL,"1271","146300","(47.6,-75.8)",NULL,"430","(45.45,-74.1)","20"
"Ouémé",NULL,NULL,"Atlantic Ocean","510","46990","(9.86,1.54)",NULL,"500","(6.35,2.44)","0"
"Oulujoki",NULL,NULL,"Baltic Sea","107","22841","(64.3,27.25)",NULL,"123","(65.3,25.2)","0"
"Ounasjoki","Kemijoki",NULL,NULL,"300","13968","(68.6,23.8)",NULL,"287","(66.3,24.4)",NULL
"Ouse",NULL,NULL,"North Sea","208","4133","(54.37,-2.30)",NULL,"640","(53.71,-0.70)","0"
"Oyapock",NULL,NULL,"Atlantic Ocean","370","26820","(-2.03,-53.13)",NULL,"270","(4.29,-51.62)","0"
"Paatsjoki",NULL,NULL,"Barents Sea","145","18404","(68.95,28.3)",NULL,"119","(60.75,30.05)","0"
"Panjnad","Indus",NULL,NULL,"71","540000","(29.35,71.02)",NULL,"120","(29.11,70.7)",NULL
"Pansipit River",NULL,NULL,"South China Sea","9",NULL,"(13.93,120.93)",NULL,"5","(13.88,120.91)","0"
"Paraguay","Parana",NULL,NULL,"2549","1168540","(-14.5,-56.5)",NULL,"208","(-27.3,-58.4)","50"
"Parana",NULL,NULL,"Atlantic Ocean","2640","2582672","(-20.38,-51.35)",NULL,"328","(-34.5,-58.2)","0"
"Paranaiba",NULL,"Represa de Ilha Solteira",NULL,"1070","34400","(-19.22,-46.17)","Brazilian Highlands","1148","(-20.07,-51.0)","328"
"Paranapanema","Parana",NULL,NULL,"929",NULL,"(-24.3,-48.3)","Serra do Mar","800","(-22.65,-53.1)","233"
"Pasig River",NULL,NULL,"South China Sea","27","4678","(14.53,121.11)",NULL,"1","(14.58,120.95)","0"
"Peace River",NULL,"Lake Athabasca",NULL,"1923","95300","(57.07,-126.89)","Rocky Mountains","1140","(59.00,-111.41)","213"
"Pearl River",NULL,NULL,"South China Sea","170","453700","(23.25,113.2)",NULL,"1","(22.1,113.75)","0"
"Pechora",NULL,NULL,"Barents Sea","1809","322000","(62,59)","Ural",NULL,"(68.5,54)","0"
"Pegnitz","Regnitz",NULL,NULL,"113","1230","(49.76,11.54)",NULL,"426","(49.49,10.99)","283"
"Perene","Tambo",NULL,NULL,"165","20550","(-10.95,-75.27)","Andes","650","(-11.15,-74.23)","295"
"Pibor","Sobat",NULL,NULL,"320","10000","(7,33.5)",NULL,NULL,"(8.45,33.2)","404"
"Pilcomayo","Paraguay",NULL,NULL,"2425","272000","(-19.4,-66.2)","Cordillera Central","3950","(-25.27,-57.67)",NULL
"Piva","Drina",NULL,NULL,"120","1270","(43.11,18.82)","Dinaric Alps",NULL,"(43.35,18.8)","441"
"Pjandsh","Amudarja",NULL,NULL,"921","114000","(37.28,73.67)","Pamir","4520","(37.1,68.3)","310"
"Platte River","Missouri",NULL,NULL,"499","233100","(41.12,-100.68)",NULL,"845","(41.06,-95.86)","287"
"Po",NULL,NULL,"Mediterranean Sea","652","75000","(44.70,7.09)","Alps","2022","(44.95,12.43)","0"
"Poprad","Dunajec",NULL,NULL,"174","2081","(49.18,20.06)","Western Carpathians","1946","(49.59,20.65)","292"
"Potomac River",NULL,NULL,"Atlantic Ocean","652","38073","(39.2,-79.5)","Appalachian Mountains","933","(38.00,-76.25)","0"
"Pruth","Donau",NULL,NULL,"953","27500","(48.16,24.55)","Wooded Carpathians",NULL,"(45.47,28.21)","4"
"Prypjat",NULL,"Kiev Reservoir",NULL,"775","114300","(51.47,24.3)",NULL,"200","(51.15,30.5)","110"
"Psel","Dnepr",NULL,NULL,"717","22800","(51.14,36.75)",NULL,"220","(49.02,33.53)","104"
"Purus","Amazonas",NULL,NULL,"3210","371042","(-10.9,-72.35)",NULL,NULL,"(-3.68,-61.48)",NULL
"Pyasina",NULL,NULL,"Kara Sea","1000","182000","(68.94,92.39)","Putorana Mountains","360","(73.90,87.49)","0"
"Raab","Donau",NULL,NULL,"250","1020","(47.35,15.52)","Alps","1150","(47.69,17.63)","118"
"Raidak","Brahmaputra",NULL,NULL,"370","15300","(27.69,89.44)","Himalaya","4900","(25.98,89.81)","36"
"Rajang",NULL,NULL,"South China Sea","563","50000","(2.45,115.09)","Iran Mountains","1050","(2.13,113.22)","0"
"Ravi","Chanab",NULL,NULL,"725",NULL,"(32.38,77.02)","Himalaya","4100","(30.62,71.82)",NULL
"Red River of the North",NULL,"Lake Winnipeg",NULL,"877","287500","(46.26,-96.60)",NULL,"290","(50.40,-96.80)","218"
"Rednitz","Regnitz",NULL,NULL,"124","2118","(49.43,10.40)",NULL,"452","(49.49,10.99)","283"
"Regen","Donau",NULL,NULL,"190","2953","(49.17,13.25)","Bayrischer Wald","1053","(49.02,12.11)","325"
"Regnitz","Main",NULL,NULL,"59","7523","(49.49,10.99)",NULL,"283","(49.91,10.83)","231"
"Reuss","Aare",NULL,NULL,"164","3425","(46.56,8.54)","Alps","2431","(47.4921,8.2371)","329"
"Rhein",NULL,NULL,"North Sea","1324","198735","(46.6,8.7)","Alps","2345","(51.9,4.00)","0"
"Rhone",NULL,NULL,"Mediterranean Sea","812","100000","(46.57,8.38)","Alps","1753","(43.33,4.84)","0"
"Rhumel",NULL,NULL,"Mediterranean Sea","200",NULL,"(36.2,5.85)","Atlas","1090","(36.87,6.1)","0"
"Río Azopardo",NULL,NULL,"Pacific Ocean","11","2910","(-54.50,-68.81)",NULL,"140","(-54.47,-68.98)","0"
"Río Baker",NULL,NULL,"Pacific Ocean","170","26726","(-47.02,-72.83)","Andes","217","(-47.79,-73.57)","0"
"Río Bío Bío",NULL,NULL,"Pacific Ocean","380","24264","(-38.69,-71.26)","Andes","1160","(-36.82,-73.17)","0"
"Rio Bogota","Rio Magdalena",NULL,NULL,"375","5996","(5.22,-76.43)","Andes","3300","(4.28,-73.52)","260"
"Rio Cauca","Rio Magdalena",NULL,NULL,"1180","59840","(2.12,-76.43)","Andes","3350","(8.89,-74.47)","15"
"Rio Cauto",NULL,NULL,"Caribbean Sea","343","8948","(20.0,-76.2)",NULL,"600","(20.55,-77.24)","0"
"Rio Chepo",NULL,NULL,"Pacific Ocean","206","5292","(9.09,-78.13)",NULL,"260","(9.00,-79.11)","0"
"Río Chubut",NULL,NULL,"Atlantic Ocean","820","53801","(-41.49,-71.14)","Andes","173","(-43.34,-65.06)","0"
"Rio Coco",NULL,NULL,"Caribbean Sea","750","24767","(13.37,-86.81)",NULL,"1160","(15.00,-83.14)","0"
"Río Colorado",NULL,NULL,"Atlantic Ocean","1114","350000","(-36.15,-70.40)","Andes","1800","(-39.71,-72.13)","0"
"Rio Corubal",NULL,NULL,"Atlantic Ocean","560","24000","(11.32,-12.30)","Fouta Djallon","980","(11.72,-15.64)","0"
"Rio Cuiabá","Paraguay",NULL,NULL,"980","102750","(-14.21,-55.07)",NULL,"530","(-17.90,-57.46)",NULL
"Rio Desaguadero",NULL,"Poopo",NULL,"383","90000","(-16.55,-69.0)","Cordillera Central","3812","(-18.55,-67.1)","3686"
"Río Deseado",NULL,NULL,"Atlantic Ocean","615","14450","(-46.22,-71.46)","Andes","700","(-47.76,-65.90)","0"
"Rio Dulce",NULL,NULL,"Caribbean Sea","43","3435","(15.64,-88.99)",NULL,"1.5","(15.82,-88.75)","0"
"Rio Grande",NULL,"Represa de Ilha Solteira",NULL,"1360","143000","(-22.3,-44.6)","Brazilian Highlands","1950","(-20.07,-51.0)","328"
"Rio Grande del Norte",NULL,NULL,"Gulf of Mexico","3034","607965","(38,-107.5)",NULL,"3900","(25.96,-97.18)","0"
"Rio Grijalva","Rio Usumacinta",NULL,NULL,"480","134400","(15.63,-91.75)",NULL,"2200","(18.40,-92.65)","0.5"
"Rio Guapay","Rio Mamoré",NULL,NULL,"1438","102600","(-18.42,-65.34)","Cordillera Central","3693","(-15.80,-64.73)",NULL
"Rio Guaporé","Rio Mamoré",NULL,NULL,"1260","341000","(-14.60,-58.95)",NULL,"631","(-11.89,-65.03)","131"
"Rio Guaviare","Orinoco",NULL,NULL,"1497","166000","(2.58,-67.71)",NULL,"225","(4.04,-67.71)","65"
"Rio Guayas",NULL,NULL,"Pacific Ocean","389","53299","(-0.25,-80)","Cordillera Occidental","200","(-2.65,-79.91)","0"
"Rio Lempa",NULL,NULL,"Pacific Ocean","422","18246","(14.69,-89.30)","Sierra Madre de Chiapas","1200","(13.25,-88.83)","0"
"Rio Lerma Santiago",NULL,NULL,"Pacific Ocean","1281","72427","(19,-99)",NULL,"2600","(21.5,-105.6)","0"
"Río Limay","Río Neuquen",NULL,NULL,"380","61723","(-41.04,-71.15)","Andes","770","(-43.34,-65.06)","255"
"Rio Loa",NULL,NULL,"Pacific Ocean","443","33570","(-21.07,-68.51)","Cordillera Volcanica","4000","(-21.43,-70.05)","0"
"Rio Madeira","Amazonas",NULL,NULL,"1450","1420000","(-10.64,-65.65)",NULL,"180","(-3.4,-58.76)","40"
"Rio Madre de Dios","Beni",NULL,NULL,"1210","125287","(-12.0,-72.15)","Cordillera Vilcanota","4000","(-11.0,-66.1)",NULL
"Rio Magdalena",NULL,NULL,"Caribbean Sea","1538","263858","(1.93,-76.66)","Andes","3685","(10.95,-74.8)","0"
"Rio Mamoré","Rio Madeira",NULL,NULL,"1170","650000","(-17.62,-64.97)","Cordillera Central","3400","(-10.38,-65.39)",NULL
"Rio Meta","Orinoco",NULL,NULL,"1200","111000","(4.76,-73.84)",NULL,"3500","(6.20,-66.46)","50"
"Rio Motagua",NULL,NULL,"Caribbean Sea","486","12670","(14.95,-91.01)","Sierra Madre de Chiapas","1800","(15.74,-88.26)","0"
"Rio Negro","Amazonas",NULL,NULL,"2866","720114","(-2.00,-70.00)",NULL,"200","(-3.1,-60)",NULL
"Río Neuquen",NULL,NULL,"Atlantic Ocean","1030","102000","(-36.18,-70.57)","Andes","2800","(-41.03,-62.78)","0"
"Rio Paraiba do Sul",NULL,NULL,"Atlantic Ocean","1137","56500","(-23.2,-44.9)","Serra do Mar","1560","(-21.6,-41.0)","0"
"Rio Parnaiba",NULL,NULL,"Atlantic Ocean","1716","322823","(-10.35,-46.0)",NULL,"700","(-2.75,-41.82)","0"
"Rio Patuca",NULL,NULL,"Caribbean Sea","500","23900","(13.79,-86.47)",NULL,"1150","(15.81,-84.30)","0"
"Rio Putumayo","Amazonas",NULL,NULL,"1813","148000","(0.93,-77)","Andes",NULL,"(-3.14,-67.97)",NULL
"Rio Rimac",NULL,NULL,"Pacific Ocean","138","3583","(-11.58,-76.26)","Cordillera Occidental","4700","(-12.03,-77.15)","0"
"Rio Salado","Parana",NULL,NULL,"2355","124199","(-24.43,-66.20)","Andes","5959","(-31.66,-60.74)",NULL
"Río Salado del Oeste","Río Colorado",NULL,NULL,"1498","300000","(-27.79,-68.60)","Andes","5500","(-38.82,-64.99)",NULL
"Río Sali",NULL,"Laguna Mar Chiquita",NULL,"812","89936","(-26.12,-65.62)","Andes","1920","(-27.53,-64.89)","71"
"Rio San Juan",NULL,NULL,"Caribbean Sea","199","35000","(11.60,-85.35)",NULL,"31","(10.9,-83.7)","0"
"Río Santa Cruz",NULL,NULL,"Atlantic Ocean","385","29686","(-50.23,-72.53)","Andes","187","(-50.13,-68.35)","0"
"Rio Sao Francisco",NULL,NULL,"Atlantic Ocean","2830","617812","(-20.3,-43)","Brazilian Highlands","1200","(-10.5,-36.4)","0"
"Rio Teles Pires","Tapajós",NULL,NULL,"1431","141472","(-14.85,-54.53)",NULL,"780","(-7.35,-58.03)","95"
"Rio Usumacinta",NULL,NULL,"Gulf of Mexico","1000","240000","(14.98,-91.22)","Sierra Madre de Chiapas","2140","(18.59,-92.69)","0"
"Rioni",NULL,NULL,"Black Sea","327","13400","(42.87,43.36)","Caucasus","2800","(42.18,41.63)","0"
"Riviere Richelieu","Saint Lawrence River",NULL,NULL,"124","23400","(45,-73.3)",NULL,"30","(46.0,-73.1)","4"
"Rokel",NULL,NULL,"Atlantic Ocean","356","10620","(9.59,-11.09)",NULL,"460","(8.57,-12.96)","0"
"Roper River",NULL,NULL,"Arafura Sea","600","81794","(-13.87,133.20)",NULL,"393","(-14.73,135.39)","0"
"Rufiji",NULL,NULL,"Indian Ocean","600","138800","(-9.46,34.66)",NULL,"2080","(-7.75,39.36)","0"
"Ruggles River",NULL,NULL,"Arctic Ocean","22",NULL,"(81.75,-71.05)",NULL,"668","(81.7,-69.3)","0"
"Ruhr","Rhein",NULL,NULL,"219","4485","(51.21,8.56)","Rothaargebirge","674","(51.45,6.72)","20"
"Rukurara-Nyabarongo","Kagera",NULL,NULL,"350",NULL,"(-2.2,29.6)","East African Rift","2428","(-2.4,30.8)","1320"
"Rur","Maas",NULL,NULL,"164.5","2361","(50.50,6.11)",NULL,"660","(51.20,6.00)","17"
"Ruvuvu","Kagera",NULL,NULL,"480","11840","(-3.0,29.6)","East African Rift","2240","(-2.4,30.8)","1320"
"Ruzizi",NULL,"Lake Tanganjika",NULL,"104","13385","(-1.8,29.2)","East African Rift","1462","(-3.4,29.3)","782"
"Saale","Elbe",NULL,NULL,"413","24167","(50.12,11.83)","Fichtelgebirge","728","(51.95,11.91)","49"
"Saane","Aare",NULL,NULL,"126","1893","(46.33,7.27)","Alps","2315","(46.98,7.26)","461"
"Saar","Mosel",NULL,NULL,"227","7431","(48.5,7.15)","Vogesen","640","(49.7,6.6)","130"
"Sacramento River",NULL,NULL,"San Francisco Bay","607","69930","(41.27,-122.41)",NULL,"1120","(38.08,-121.85)","0"
"Sado",NULL,NULL,"Atlantic Ocean","180","7640","(37.64,-8.26)",NULL,"230","(38.49,-8.93)","0"
"Saint Lawrence River",NULL,NULL,"Atlantic Ocean","1197","1030000","(44.2,-76.55)",NULL,"75","(49.6,-64.8)","0"
"Saint Marys River",NULL,"Lake Huron",NULL,"120","127700","(46.5,-84.6)",NULL,"184","(46.6,-83.9)","176"
"Saint Paul River",NULL,NULL,"Atlantic Ocean","485","20281","(8.7,-9.18)",NULL,"960","(6.38,-10.8)","0"
"Sajó","Tisza",NULL,NULL,"229","11900","(48.79,20.21)","Western Carpathians","1200","(47.94,21.11)","90"
"Sakarya",NULL,NULL,"Black Sea","824","53800","(39.35,31.06)","Taurus","1000","(41.12,30.65)","0"
"Salmon River","Snake River",NULL,NULL,"684","36000","(43.80,-114.75)","Rocky Mountains","2810","(45.86,-116.79)","280"
"Saluen",NULL,NULL,"Andaman Sea","2980","320000","(32.5,91.9)","Tanggula Shan","5450","(17,97.5)","0"
"Salzach","Inn",NULL,NULL,"225","6700","(47.30,12.11)","Alps","2300","(48.21,12.92)","344"
"Samur",NULL,"Caspian Sea",NULL,"213","7330","(41.88,46.79)","Caucasus","3200","(41.91,49.49)","-28"
"San","Weichsel",NULL,NULL,"433","16861","(49.00,22.87)","Wooded Carpathians","850","(50.74,21.85)","170"
"San Joaquin River",NULL,NULL,"San Francisco Bay","530","83000","(37.1,-118.74)",NULL,"3354","(38.05,-121.85)","0"
"Sanaga",NULL,NULL,"Atlantic Ocean","918","132990","(5.3,13.4)",NULL,"628","(3.55,9.65)","0"
"Sanga","Congo",NULL,NULL,"785","213400","(3.5,16.05)",NULL,"379","(-1.2,16.82)","289"
"Saone","Rhone",NULL,NULL,"473","29900","(48.1,6.2)","Vogesen","405","(45.7,4.8)","165"
"Sarthe","Maine",NULL,NULL,"314","7864","(48.63,-0.53)",NULL,"255","(47.49,-0.54)","15"
"Saskatchewan River",NULL,"Lake Winnipeg",NULL,"547","335900","(53.24,-105.08)",NULL,"380","(52.77,-97.97)","218"
"Satluj","Panjnad",NULL,NULL,"1500","395000","(30.67,81.47)","Transhimalaya","4586","(29.35,71.02)","120"
"Sauer","Mosel",NULL,NULL,"173","4259","(49.92,5.4)","Ardennes","510","(49.71,6.51)","133"
"Savannah River",NULL,NULL,"Atlantic Ocean","560","38073","(34.44,-82.86)","Appalachian Mountains","201","(32.04,-80.85)","0"
"Save","Donau",NULL,NULL,"945","95419","(46.2,13.6)","Alps",NULL,"(44.8,20.4667)","68"
"Schari",NULL,"Chad Lake",NULL,"1400","548747","(8,21)",NULL,NULL,"(13.2,14.0)","250"
"Schatt al Arab",NULL,NULL,"Persian Gulf","193","950000","(31.00,47.44)",NULL,"20","(29.9,48.6)","0"
"Schelde",NULL,NULL,"North Sea","360","21863","(49.99,3.27)",NULL,"97","(51.42,3.06)","0"
"Schilka","Amur",NULL,NULL,"560","206000","(51.7,115.84)",NULL,"498","(53.33,121.48)","305"
"Sebou",NULL,NULL,"Mediterranean Sea","450","40000","(33.34,-4.56)","Atlas","1800","(34.26,-6.68)","0"
"Sefid-Rud",NULL,"Caspian Sea",NULL,"670","13450","(35.65,46.63)","Zagros","2480","(37.47,49.94)","-28"
"Segre","Ebro",NULL,NULL,"265","20000","(43.40,-2.11)","Pyrenees","2300","(41.36,0.30)","58"
"Segura",NULL,NULL,"Mediterranean Sea","325","18870","(38.05,-2.70)","Cordillera Betica","1680","(38.11,-0.64)","0"
"Seine",NULL,NULL,"The Channel","776","75000","(47.48,4.71)",NULL,"470","(49.42,0.10)","0"
"Selenge",NULL,"Ozero Baikal",NULL,"992","447000","(52,106)","Khangai Range","1176","(58.2,92.5)","455"
"Semliki",NULL,"Lake Sese Seko/Albertsee",NULL,"230",NULL,"(-0.35,29.6)","East African Rift","920","(1.7,30.9)","619"
"Senegal",NULL,NULL,"Atlantic Ocean","1430","337000","(11.5,-12)","Fouta Djallon","800","(15.96,-16.5)","0"
"Sepik",NULL,NULL,"Pacific Ocean","1126","100243","(-5.22,141.82)","Maoke Range","2170","(-3.84,144.54)","0"
"Severn",NULL,NULL,"Atlantic Ocean","354","12935","(52.49,-3.73)",NULL,"610","(51.61,-2.63)","0"
"Seyhan",NULL,NULL,"Mediterranean Sea","516","20700","(37.92,35.53)","Taurus","1750","(36.72,34.91)","0"
"Seym","Desna",NULL,NULL,"748","27500","(51.16,37.23)",NULL,"178","(51.46,32.56)","112"
"Shabelle","Jubba",NULL,NULL,"1820","336627","(7,38.5)",NULL,NULL,"(0.5,42.76)",NULL
"Shannon",NULL,NULL,"Atlantic Ocean","360","15695","(54.23,-7.93)",NULL,"76","(52.57,-9.70)","0"
"Shinano",NULL,NULL,"Sea of Japan","367","11900","(35.91,138.72)",NULL,"2180","(34.68,135.42)","0"
"Shire","Zambezi",NULL,NULL,"402","150000","(-14.2,35.2)","East African Rift","474","(-17.70,35.32)","27"
"Sieg","Rhein",NULL,NULL,"155","2857","(50.92,8.25)","Rothaargebirge","603","(50.47,7.07)","45"
"Simiyu",NULL,"Lake Victoria",NULL,"180","10800","(-3.09,34.09)","East African Rift","1680","(-2.53,33.42)","1134"
"Sirba","Niger",NULL,NULL,"439","39138","(12.62,-0.81)",NULL,"370","(13.77,1.66)","190"
"Siret","Donau",NULL,NULL,"726","44835","(48.00,25.28)","Wooded Carpathians","1238","(45.41,28.02)","5"
"Slave River",NULL,"Great Bear Lake",NULL,"434","616400","(59.00,-114.41)",NULL,"213","(61.28,-113.59)","186"
"Snake River","Columbia River",NULL,NULL,"1735","280000","(44.13,-110.22)","Rocky Mountains","2723","(46.19,-119.03)","104"
"Snowy River",NULL,NULL,"Tasman Sea","403","15779","(-36.5,148.3)","Snowy Mountains",NULL,"(-37.6,148.55)","0"
"Sobat","White Nile",NULL,NULL,"740","225000","(8.45,33.2)",NULL,"404","(9.37,31.55)","394"
"Sokoto","Niger",NULL,NULL,"630","193000","(11.47,7.10)",NULL,"700","(11.40,4.12)","150"
"Solo",NULL,NULL,"Java Sea","600","16100","(-7.74,111.15)",NULL,"1230","(-6.85,112.55)","0"
"Somes","Tisza",NULL,NULL,"596","15015","(46.64,22.73)",NULL,"1160","(48.12,22.34)","120"
"Somme",NULL,NULL,"The Channel","245","6550","(49.91,3.60)",NULL,"86","(50.19,1.62)","0"
"Songhua","Amur",NULL,NULL,"1927","550000","(42.62,127.2)","Changbai",NULL,"(47.7,132.52)",NULL
"South Platte River","Platte River",NULL,NULL,"711",NULL,"(39.06,-105.78)","Rocky Mountains","2675","(41.12,-100.68)","845"
"South Saskatchewan River","Saskatchewan River",NULL,NULL,"1392","146100","(51.64,-116.51)","Rocky Mountains","1960","(53.24,-105.08)","380"
"Southern Morava","Morava",NULL,NULL,"295","15469","(42.1,21.4)",NULL,NULL,"(43.7,21.4)","132"
"SouthernBug",NULL,NULL,"Black Sea","857","63740","(49.63,26.43)",NULL,"290","(46.65,31.94)","0"
"Sozh","Dnepr",NULL,NULL,"648","42140","(54.71,32.02)",NULL,"205","(51.95,30.81)","120"
"Spree","Havel",NULL,NULL,"400","10100","(51.01,14.65)",NULL,"478","(52.53,13.21)","29"
"Straits of Mackinac",NULL,"Lake Huron",NULL,"0.1","118000","(45.8,-84.75)",NULL,"176","(45.8,-84.75)","176"
"Struma",NULL,NULL,"Mediterranean Sea","415","17330","(42.55,23.28)","Vitosha","2180","(40.79,23.85)","0"
"Styr","Prypjat",NULL,NULL,"494","13100","(49.96,25.17)",NULL,"270","(52.11,26.58)","135"
"Suchona","Northern Dwina",NULL,NULL,"926","50300","(60.95,40.23)",NULL,"200","(60.73,39.80)","50"
"Sungacha","Ussuri",NULL,NULL,"180","25600","(45.06,132.85)",NULL,"70","(45.57,133.41)",NULL
"Sunkoshi","Koshi",NULL,NULL,"430","18182","(28.46,86.32)","Himalaya",NULL,"(26.91,87.16)",NULL
"Suriname",NULL,NULL,"Atlantic Ocean","480","23100","(-3.32,-56.21)",NULL,"200","(5.92,-55.17)","0"
"Susquehanna River",NULL,NULL,"Atlantic Ocean","715","71225","(42.7,-74.92)","Appalachian Mountains","360","(39.54,-76.08)","0"
"Svislach","Berezina",NULL,NULL,"327","5160","(54.04,27.17)",NULL,"290","(52.55,30.25)","140"
"Svratka","Thaya",NULL,NULL,"174","7116","(49.64,16.00)",NULL,"772","(48.91,16.61)","163"
"Swir",NULL,"Ozero Ladoga",NULL,"224","84400","(60.99,35.49)",NULL,"33","(60.51,32.79)","4"
"Syrdarja",NULL,"North Aral Sea",NULL,"2212","782669","(40.9,71.75)",NULL,"400","(46,60.5)","40"
"Taedong",NULL,NULL,"Yellow Sea","439","20344","(40.33,126.93)",NULL,"1700","(38.69,125.21)","0"
"Tagil","Tobol",NULL,NULL,"414","10100","(57.22,59.98)",NULL,"550","(58.52,62.48)","80"
"Taimyra",NULL,NULL,"Kara Sea","840","124000","(74.15,94.13)",NULL,"150","(76.11,99.79)","0"
"Tambo","Ucayali",NULL,NULL,"160","135000","(-11.15,-74.23)","Andes","295","(-10.7,-73.75)","287"
"Tamsui",NULL,NULL,"East China Sea","159","2726","(24.43,121.27)",NULL,"3300","(25.18,121.41)","0"
"Tana",NULL,NULL,"Indian Ocean","1000","126000","(-0.27,37.22)","East African Rift","2700","(-2.60,40.34)","0"
"Tanaro","Po",NULL,NULL,"276","8324","(44.12,7.72)","Alps","1360","(45.00,8.77)","75"
"Tapajós","Amazonas",NULL,NULL,"810","489600","(-7.35,-58.03)",NULL,"95","(-2.41,-54.71)","1"
"Tara","Drina",NULL,NULL,"140","2006","(42.6,19.57)","Dinaric Alps","2000","(43.35,18.8)","441"
"Tarim-Yarkend",NULL,"Lop Nor",NULL,"3260","951500","(33.5,80.5)","Karakorum",NULL,"(40.2,90.6)","780"
"Tejo",NULL,NULL,"Atlantic Ocean","1007","80600","(40.32,-1.70)","Cordillera Iberica","1580","(38.7,-9.3)","0"
"Tekes","Ili",NULL,NULL,"438","29600","(42.55,79.65)","Tian Shan","3300","(43.58,82.55)","800"
"Tekeze","Atbara",NULL,NULL,"608","68000","(12.12,39.12)","Ethiopian Highlands","3400","(14.34,35.85)","480"
"Tennessee River","Ohio River",NULL,NULL,"1049","105870","(35.95,-83)","Appalachian Mountains","248","(37.07,-88.63)","92"
"Terek",NULL,"Caspian Sea",NULL,"623","43200","(42.62,44.25)","Caucasus","3200","(43.59,47.36)","-28"
"Test",NULL,NULL,"The Channel","64","1260","(51.25,-1.24)",NULL,"90","(50.93,-1.48)","0"
"Teteriv",NULL,"Kiev Reservoir",NULL,"385","15300","(49.77,27.92)",NULL,"300","(51.03,30.28)","100"
"Tevere",NULL,NULL,"Mediterranean Sea","405","17375","(43.77,12.08)","Apennin","1348","(41.74,12.23)","0"
"Thames",NULL,NULL,"North Sea","346","12935","(51.70,-2.03)",NULL,"105","(51.50,0.65)","0"
"Thaya","March",NULL,NULL,"310","12772","(48.66,15.04)",NULL,"657","(48.62,16.94)","147"
"Thjorsa",NULL,NULL,"Atlantic Ocean","230","7530","(65,-18)",NULL,NULL,"(63.9,-20.8)","0"
"Thur","Rhein",NULL,NULL,"135","1760","(47.24,9.35)","Alps","2035","(47.59,8.49)","345"
"Ticino","Po",NULL,NULL,"248","7228","(46.475,8.42)","Alps","2536","(45.14,9.235)","50"
"Tiete","Parana",NULL,NULL,"1130","150000","(-23.55,-45.8)","Serra do Mar","860","(-20.6,-51.55)","280"
"Tigris","Schatt al Arab",NULL,NULL,"1900","375000","(38.3,41.0)","Antitaurus",NULL,"(31.00,47.44)","20"
"Timiş","Donau",NULL,NULL,"340","13085","(45.29,22.59)","Southern Carpathians","1700","(44.85,20.63)","72"
"Tinkisso","Niger",NULL,NULL,"570","19430","(10.37,-12.1)","Fouta Djallon",NULL,"(11.35,-9.16)","341"
"Tirso",NULL,NULL,"Mediterranean Sea","152","3375","(40.51,9.34)",NULL,"770","(39.89,8.54)","0"
"Tista","Brahmaputra",NULL,NULL,"430","12540","(28.00,88.81)","Himalaya","5303","(25.47,89.67)","16"
"Tisza","Donau",NULL,NULL,"1308","146500","(48.1,24.25)","Wooded Carpathians","460","(45.05,20.3)","80"
"Tobol","Irtysh",NULL,NULL,"1591","426000","(51.5,61.0)","Ural","273","(58.2,68.25)","35"
"Tocantins",NULL,NULL,"Atlantic Ocean","2450","749200","(-16,-49)",NULL,"1070","(-1.73,-49.16)","0"
"Tom","Ob",NULL,NULL,"827","62000","(53.61,89.68)",NULL,"903","(56.83,84.49)","67"
"Tone",NULL,NULL,"Pacific Ocean","322","16840","(37.05,139.10)",NULL,"1600","(35.74,140.85)","0"
"Tonle Sap River","Mekong",NULL,NULL,"120",NULL,"(12.50,104.56)",NULL,"0.5","(11.56,104.94)","0.3"
"Torneälv",NULL,NULL,"Baltic Sea","631","40131","(68.27,18.13)",NULL,"1189","(65.81,24.35)","0"
"Torysa","Hernad",NULL,NULL,"129","1349","(49.11,20.64)","Western Carpathians","1000","(48.64,21.36)","170"
"Trent",NULL,NULL,"North Sea","298","10435","(53.12,-2.14)",NULL,"275","(53.70,-0.69)","0"
"Tresa",NULL,"Lago Maggiore",NULL,"15","754","(45.97,8.86)","Alps","271","(46.00,8.73)","193"
"Trishuli","Gandaki",NULL,NULL,"300","11688","(28.43,85.16)","Himalaya","4100","(27.74,84.42)","190"
"Truckee River",NULL,"Pyramid Lake",NULL,"225","7900","(39,-120)",NULL,"1900","(39.85,-119.43)","1155"
"Tshuapa","Congo",NULL,NULL,"1000","173800","(-3,24.5)",NULL,NULL,"(0.05,18.26)","370"
"Tumen",NULL,NULL,"Sea of Japan","521","41200","(41.97,128.2)","Changbai","2000","(42.43,130.6)","0"
"Tundzha","Maritsa",NULL,NULL,"365","8430","(42.73,24.97)","Balkan","1940","(41.66,26.56)","40"
"Tura","Tobol",NULL,NULL,"1030","80400","(58.39,59.40)",NULL,"400","(57.21,66.95)","42"
"Turia",NULL,NULL,"Mediterranean Sea","280","6393.6","(40.40,-1.73)","Cordillera Iberica","1670","(39.42,-0.33)","0"
"Tuul","Orchon",NULL,NULL,"819","49840","(48.5,108.2)","Khentii Mountains","1850","(48.96,104.8)","780"
"Ubangi","Congo",NULL,NULL,"1120","754830","(4.1,22.45)",NULL,"395","(-0.8,17.7)","295"
"Ucayali","Amazonas",NULL,NULL,"1600","337519","(-10.7,-73.75)","Cordillera Vilcanota","287","(-4.44,-73.45)","88"
"Uelle","Ubangi",NULL,NULL,"1130","135400","(3.6,28.7)","East African Rift","730","(4.1,22.45)","395"
"Umeälv",NULL,NULL,"Baltic Sea","470","26814","(66.1,14.8)",NULL,"525","(63.5,20.1)","0"
"Ural",NULL,"Caspian Sea",NULL,"2428","244280","(54.7,59.4)","Ural",NULL,"(47.1,51.9)","-28"
"Urubamba","Ucayali",NULL,NULL,"750","60300","(-14.48,-71.00)","Andes",NULL,"(-10.7,-73.75)","287"
"Uruguay",NULL,NULL,"Atlantic Ocean","1790","297199","(-27.5,-52)",NULL,"1800","(-33.9,-58.4)","0"
"Ussuri","Amur",NULL,NULL,"897","193000","(43.75,134.44)","Sikhote-Alin","1300","(48.45,135.06)",NULL
"Vaal","Oranje",NULL,NULL,"1251","192000","(-26,30)","Drakensberge",NULL,"(-29.07,23.63)","1241"
"Vakhsh","Amudarja",NULL,NULL,"786","39100","(39.74,73.63)","Pamir","3500","(37.1,68.3)","310"
"Valira","Segre",NULL,NULL,"44","592","(42.51,1.54)","Pyrenees","1050","(42.35,1.44)","690"
"Vardar",NULL,NULL,"Mediterranean Sea","388","24438","(41.76,20.83)",NULL,"683","(40.51,22.71)","0"
"Västerdalälv","Dalälv",NULL,NULL,"320","8640","(61.8,12.6)",NULL,"661.6","(60.55,15.1)","150"
"Victoria Nile",NULL,"Lake Sese Seko/Albertsee",NULL,"480",NULL,"(0.43,33)","East African Rift","1134","(1.7,30.9)","619"
"Vienne","Loire",NULL,NULL,"363","21161","(45.66,2.09)","Massif Central","880","(47.21,0.08)","33"
"Vilaine",NULL,NULL,"Atlantic Ocean","218","10882","(48.23,-1.05)",NULL,"175","(47.50,-2.38)","0"
"Vilyuy","Lena",NULL,NULL,"2650","454000","(65.96,103.51)",NULL,"520","(64.33,126.41)","54"
"Vitim","Lena",NULL,NULL,"1837","225000","(54.34,112.42)","Stanovoy Highlands","1171","(59.45,112.60)","176"
"Vjosa",NULL,NULL,"Mediterranean Sea","272","6706","(39.79,21.15)","Pindos","1400","(40.64,19.82)","0"
"Volga",NULL,"Caspian Sea",NULL,"3531","1410000","(57,33)","Waldai Hills","228","(46.733333333333,47.85)","-28"
"Volta",NULL,NULL,"Atlantic Ocean","2850","398390","(11.05,-5.32)",NULL,"580","(5.77,0.68)","0"
"Vorskla","Dnepr",NULL,NULL,"464","14700","(50.91,36.45)",NULL,"195","(48.92,34.12)","103"
"Vuoksi",NULL,"Ozero Ladoga",NULL,"162","52400","(61.2,28.75)",NULL,"75.7","(60.81,31.54)","4"
"Vyatka","Kama",NULL,NULL,"1314","129000","(58.45,52.17)",NULL,"240","(55.59,51.50)","60"
"Vychegda","Northern Dwina",NULL,NULL,"1130","121000","(62.33,55.55)",NULL,"220","(61.28,46.60)","75"
"Waag","Donau",NULL,NULL,"403","10640","(49.02,19.81)","Western Carpathians","664","(47.75,18.15)","106"
"Waikato River",NULL,NULL,"Tasman Sea","425","14260","(-39.15,175.97)",NULL,"1400","(-37.37,174.71)","0"
"Warta","Oder",NULL,NULL,"808","54529","(50.49,19.49)",NULL,"379","(52.60,14.60)","9"
"Wei He","Huang He",NULL,NULL,"818","107000","(35.0,104.04)",NULL,NULL,"(34.6,110.3)",NULL
"Weichsel",NULL,NULL,"Baltic Sea","1047","194424","(49.61,19.01)","Beskides","1100","(54.36,18.95)","0"
"Weir River","Barwon River",NULL,NULL,"700",NULL,"(-27.36,151.01)","Great Dividing Range","358","(-29.96,146.31)","119"
"Weiße Elster","Saale",NULL,NULL,"257","5154","(50.2,12.27)",NULL,"724","(51.43,11.95)","80"
"Werra","Weser",NULL,NULL,"292","5496","(50.5,10.96)","Thüringer Wald","797","(51.4,9.65)","116.5"
"Weser",NULL,NULL,"North Sea","440","41094","(51.4,9.65)",NULL,"116.5","(53.5,8.5)","0"
"Western Bug","Narew",NULL,NULL,"772","39400","(49.09,25.06)",NULL,"345","(52.50,21.08)","75"
"Whangaehu River",NULL,NULL,"Tasman Sea","190",NULL,"(-39.28,175.56)",NULL,"2560","(-40.04,175.10)","0"
"White Drin","Drin",NULL,NULL,"136","4964","(42.7,20.2)","Dinaric Alps",NULL,"(42.1,20.4)",NULL
"White Nile","Nile",NULL,NULL,"950","1588194","(9.5,30.45)",NULL,"390","(15.6,32.5)","370"
"Wupper","Rhein",NULL,NULL,"116.5","813","(51.1,7.6)","Rothaargebirge","444","(51.04,6.95)","37"
"Würm","Ammer",NULL,NULL,"35","429","(48.00,11.35)",NULL,"596","(48.30,11.5)","482"
"Wyg",NULL,NULL,"White Sea","314","27100","(62.75,36.52)",NULL,NULL,"(64.52,34.78)","0"
"Xi Jiang",NULL,NULL,"South China Sea","2197","353100","(25.77,103.9)",NULL,"2000","(22.05,113.48)","0"
"Xiang Jiang",NULL,"Dongting Hu",NULL,"856","96400","(26.61,110.61)","Nanling","500","(29.44,113.14)",NULL
"Xingu","Amazonas",NULL,NULL,"1980","520292","(-11.94,-53.55)",NULL,"275","(-1.5,-51.87)","0.5"
"Yalu",NULL,NULL,"Yellow Sea","813","30000","(42.0,128.1)","Changbai","2500","(39.8,124.3)","0"
"Yamuna","Ganges",NULL,NULL,"1376","366223","(31.0,78.45)","Himalaya","6246","(25.4,81.86)","74"
"Yangtze",NULL,NULL,"East China Sea","6380","1722155","(33.5,91.2)","Tanggula Shan","5405","(32,121.5)","0"
"Yenissey",NULL,NULL,"Kara Sea","4092","2554482","(52.33,97.5)","Sayan Mountains","1591","(51.06,100.02)","0"
"Yobe",NULL,"Chad Lake",NULL,"467","148000","(12.66,10.63)",NULL,"350","(13.68,13.39)","280"
"Yodo",NULL,NULL,"Seto Inland Sea","75","8240","(34.99,135.91)",NULL,"85","(34.68,135.42)","0"
"Yuan Jiang",NULL,"Dongting Hu",NULL,"1033","89163","(26.31,107.33)","Nanling","1700","(28.85,112.24)",NULL
"Yukon River",NULL,NULL,"Bering Sea","3185","854700","(60.54,-134.5)",NULL,"668","(62.57,-163.98)","0"
"Zambezi",NULL,NULL,"Indian Ocean","2574","1332574","(-11,24.2)",NULL,"1500","(-19,36)","0"
"Zapadna Morava","Morava",NULL,NULL,"308","15849","(43.85,20.06)","Dinaric Alps",NULL,"(43.7,21.4)","132"
"Zihl",NULL,"Bielersee",NULL,"8.5","2695","(47.00,7.02)",NULL,"429","(47.05,7.07)","428"
